trip_id,vendor_id,pickup_datetime,dropoff_datetime,passenger_count,trip_distance,pickup_location_id,dropoff_location_id,fare_amount,tip_amount,total_amount,payment_type
1,1,2025-06-30 02:25:00,2025-06-30 02:34:00,3,4.86,11,12,14.49,0.0,14.79,2
2,1,2025-06-02 10:42:00,2025-06-02 10:45:00,3,3.46,9,10,10.5,0.0,10.8,1
3,1,2025-06-30 13:50:00,2025-06-30 14:36:00,4,1.78,13,13,7.67,0.0,7.97,2
4,2,2025-06-16 11:38:00,2025-06-16 11:57:00,1,2.79,2,2,9.16,0.92,10.38,1
5,1,2025-06-16 15:41:00,2025-06-16 16:21:00,3,3.14,15,7,11.14,0.0,11.44,1
6,1,2025-06-29 14:38:00,2025-06-29 15:19:00,1,3.82,10,4,14.96,1.5,16.76,3
7,2,2025-06-11 08:55:00,2025-06-11 09:46:00,4,2.99,7,5,9.91,0.0,10.21,4
8,1,2025-06-17 14:29:00,2025-06-17 14:41:00,3,4.03,11,5,13.16,0.0,13.46,3
9,2,2025-06-08 18:55:00,2025-06-08 19:31:00,1,3.04,4,11,10.57,2.11,12.98,1
10,2,2025-06-02 11:03:00,2025-06-02 11:56:00,1,1.96,2,4,7.55,0.76,8.61,3
11,2,2025-06-23 17:17:00,2025-06-23 17:44:00,4,5.46,4,12,15.45,0.0,15.75,2
12,2,2025-06-20 11:57:00,2025-06-20 12:36:00,1,1.2,3,9,5.72,0.0,6.02,4
13,2,2025-06-03 03:27:00,2025-06-03 03:36:00,3,3.91,2,7,14.29,2.86,17.45,2
14,1,2025-06-25 01:56:00,2025-06-25 02:14:00,4,4.22,11,12,16.7,0.0,17.0,2
15,2,2025-06-13 03:26:00,2025-06-13 04:17:00,3,2.55,1,12,9.44,1.42,11.16,4
16,1,2025-06-09 03:08:00,2025-06-09 03:42:00,1,2.41,14,11,10.44,1.04,11.78,1
17,1,2025-06-08 08:27:00,2025-06-08 09:03:00,1,7.75,6,8,28.09,5.62,34.01,1
18,2,2025-06-14 23:53:00,2025-06-15 00:10:00,1,1.83,2,2,6.65,1.33,8.28,4
19,2,2025-06-25 05:51:00,2025-06-25 06:42:00,1,5.37,5,9,20.42,0.0,20.72,2
20,2,2025-06-10 03:42:00,2025-06-10 04:29:00,1,5.39,8,15,16.37,1.64,18.31,1
21,1,2025-06-11 05:25:00,2025-06-11 05:31:00,1,1.73,1,2,6.78,0.0,7.08,1
22,2,2025-06-02 10:18:00,2025-06-02 10:41:00,1,5.58,5,11,15.25,0.0,15.55,2
23,1,2025-06-07 00:31:00,2025-06-07 01:19:00,1,5.71,13,7,18.3,2.75,21.35,1
24,1,2025-06-30 23:47:00,2025-07-01 00:16:00,4,2.12,8,14,8.07,1.21,9.58,3
25,1,2025-06-30 09:48:00,2025-06-30 09:56:00,3,6.35,4,4,22.57,0.0,22.87,2
26,1,2025-06-07 09:06:00,2025-06-07 09:35:00,2,4.46,4,14,13.29,1.99,15.58,4
27,1,2025-06-26 01:06:00,2025-06-26 01:14:00,1,10.79,15,13,37.06,0.0,37.36,2
28,1,2025-06-23 02:26:00,2025-06-23 02:58:00,2,5.7,15,1,16.5,2.48,19.28,1
29,2,2025-06-18 18:26:00,2025-06-18 18:44:00,1,6.5,11,12,19.02,3.8,23.12,1
30,1,2025-06-14 12:05:00,2025-06-14 12:20:00,4,1.56,12,9,7.75,1.55,9.6,1
31,1,2025-06-03 14:26:00,2025-06-03 14:31:00,1,1.06,1,9,5.92,0.0,6.22,1
32,1,2025-06-28 01:56:00,2025-06-28 02:02:00,3,1.95,7,2,8.37,0.0,8.67,2
33,1,2025-06-02 19:24:00,2025-06-02 20:05:00,4,5.87,15,5,19.4,1.94,21.64,3
34,2,2025-06-15 07:10:00,2025-06-15 07:27:00,2,4.71,11,11,14.36,0.0,14.66,1
35,2,2025-06-04 07:14:00,2025-06-04 07:16:00,1,0.2,9,4,3.18,0.0,3.48,1
36,2,2025-06-04 03:08:00,2025-06-04 03:25:00,3,5.16,8,14,16.14,0.0,16.44,4
37,2,2025-06-30 18:18:00,2025-06-30 18:53:00,1,7.07,15,3,20.59,0.0,20.89,1
38,2,2025-06-26 04:16:00,2025-06-26 04:27:00,1,3.39,4,12,11.07,2.21,13.58,3
39,2,2025-06-29 20:45:00,2025-06-29 21:03:00,1,1.6,2,11,7.76,0.0,8.06,1
40,2,2025-06-01 03:52:00,2025-06-01 04:15:00,3,3.15,3,12,12.34,1.23,13.87,3
41,2,2025-06-20 11:08:00,2025-06-20 11:45:00,3,4.03,9,1,15.64,0.0,15.94,2
42,1,2025-06-07 17:45:00,2025-06-07 18:14:00,1,3.25,6,15,10.15,1.02,11.47,1
43,1,2025-06-12 08:33:00,2025-06-12 09:17:00,1,6.12,10,12,22.46,3.37,26.13,4
44,2,2025-06-08 09:29:00,2025-06-08 10:22:00,2,5.4,1,3,19.63,2.94,22.87,4
45,1,2025-06-12 07:03:00,2025-06-12 07:22:00,1,4.96,14,8,15.69,0.0,15.99,4
46,1,2025-06-21 22:46:00,2025-06-21 23:10:00,2,5.95,4,1,17.77,0.0,18.07,1
47,2,2025-06-13 16:18:00,2025-06-13 16:24:00,1,4.86,11,14,16.93,2.54,19.77,1
48,2,2025-06-12 21:18:00,2025-06-12 21:31:00,1,2.85,1,2,10.76,1.08,12.14,3
49,1,2025-06-15 06:37:00,2025-06-15 07:06:00,4,1.23,4,5,5.77,1.15,7.22,2
50,1,2025-06-01 01:50:00,2025-06-01 02:25:00,1,1.64,11,12,7.93,1.59,9.82,2
51,2,2025-06-04 04:25:00,2025-06-04 05:09:00,3,5.78,12,15,19.82,0.0,20.12,1
52,1,2025-06-19 14:04:00,2025-06-19 14:26:00,2,1.8,9,3,7.33,0.73,8.36,3
53,1,2025-06-18 06:07:00,2025-06-18 06:52:00,1,3.18,9,14,11.67,1.75,13.72,1
54,2,2025-06-10 13:34:00,2025-06-10 14:03:00,2,1.9,11,6,8.47,1.69,10.46,2
55,2,2025-06-10 17:25:00,2025-06-10 17:59:00,3,0.2,11,2,3.13,0.0,3.43,3
56,1,2025-06-29 19:20:00,2025-06-29 20:01:00,1,3.96,11,5,12.8,0.0,13.1,1
57,1,2025-06-02 02:40:00,2025-06-02 02:44:00,4,3.28,8,7,13.06,0.0,13.36,3
58,1,2025-06-18 11:24:00,2025-06-18 11:57:00,1,5.58,11,12,17.45,0.0,17.75,4
59,1,2025-06-20 08:22:00,2025-06-20 08:38:00,2,5.57,9,4,18.22,0.0,18.52,1
60,2,2025-06-22 03:30:00,2025-06-22 04:14:00,3,7.92,10,6,24.97,4.99,30.26,4
61,1,2025-06-23 23:21:00,2025-06-23 23:50:00,4,4.48,8,5,17.18,2.58,20.06,1
62,2,2025-06-24 17:23:00,2025-06-24 17:56:00,1,0.89,8,2,5.13,0.51,5.94,1
63,1,2025-06-16 06:50:00,2025-06-16 07:12:00,1,3.87,12,3,11.71,1.76,13.77,2
64,2,2025-06-19 13:12:00,2025-06-19 13:35:00,2,2.66,1,4,10.08,1.51,11.89,4
65,2,2025-06-27 13:58:00,2025-06-27 14:44:00,2,7.5,1,6,24.18,3.63,28.11,4
66,1,2025-06-20 01:40:00,2025-06-20 02:16:00,2,3.73,13,10,14.05,2.81,17.16,1
67,2,2025-06-13 10:07:00,2025-06-13 10:36:00,1,1.12,12,3,5.86,0.88,7.04,2
68,1,2025-06-25 07:24:00,2025-06-25 07:27:00,1,3.39,10,11,13.65,2.73,16.68,3
69,2,2025-06-20 12:09:00,2025-06-20 12:19:00,1,4.09,4,8,12.77,1.28,14.35,4
70,1,2025-06-18 06:06:00,2025-06-18 06:25:00,2,2.21,5,14,9.36,1.4,11.06,1
71,1,2025-06-25 13:11:00,2025-06-25 13:16:00,1,5.15,13,1,17.85,0.0,18.15,4
72,1,2025-06-01 22:15:00,2025-06-01 22:56:00,3,3.2,8,11,10.13,0.0,10.43,1
73,1,2025-06-22 03:56:00,2025-06-22 04:42:00,1,3.12,13,14,11.63,0.0,11.93,1
74,2,2025-06-27 08:04:00,2025-06-27 08:07:00,2,5.21,11,15,19.77,3.95,24.02,3
75,1,2025-06-10 00:37:00,2025-06-10 00:43:00,3,0.2,14,11,3.0,0.3,3.6,4
76,2,2025-06-02 20:51:00,2025-06-02 21:15:00,1,1.04,2,9,5.45,0.55,6.3,4
77,2,2025-06-20 02:48:00,2025-06-20 03:42:00,1,0.97,12,3,5.06,0.76,6.12,3
78,2,2025-06-24 17:53:00,2025-06-24 18:36:00,2,3.34,13,8,10.93,2.19,13.42,4
79,1,2025-06-27 23:08:00,2025-06-27 23:27:00,2,2.51,15,8,10.84,1.08,12.22,2
80,2,2025-06-28 18:38:00,2025-06-28 19:22:00,1,4.62,8,14,14.77,0.0,15.07,2
81,1,2025-06-10 15:41:00,2025-06-10 16:05:00,1,3.77,9,1,14.78,1.48,16.56,1
82,2,2025-06-19 11:55:00,2025-06-19 12:28:00,2,1.37,12,8,6.43,0.0,6.73,4
83,2,2025-06-01 18:50:00,2025-06-01 18:57:00,2,2.61,6,8,9.0,1.8,11.1,3
84,2,2025-06-26 01:10:00,2025-06-26 01:33:00,1,5.26,5,5,16.29,2.44,19.03,1
85,2,2025-06-09 18:21:00,2025-06-09 18:43:00,1,5.1,4,4,18.38,0.0,18.68,3
86,1,2025-06-27 19:59:00,2025-06-27 20:49:00,1,4.98,2,14,16.59,1.66,18.55,1
87,2,2025-06-17 10:10:00,2025-06-17 10:23:00,4,2.14,1,9,7.53,0.0,7.83,1
88,2,2025-06-30 00:43:00,2025-06-30 01:33:00,2,6.32,10,5,20.13,0.0,20.43,2
89,2,2025-06-16 12:08:00,2025-06-16 12:21:00,2,4.76,14,2,17.89,0.0,18.19,1
90,2,2025-06-27 06:15:00,2025-06-27 06:57:00,1,2.86,3,13,11.15,0.0,11.45,1
91,2,2025-06-06 09:22:00,2025-06-06 09:59:00,2,3.46,13,9,13.4,0.0,13.7,2
92,1,2025-06-14 12:47:00,2025-06-14 13:26:00,3,0.34,10,10,3.65,0.36,4.31,3
93,1,2025-06-05 12:23:00,2025-06-05 13:13:00,1,3.58,4,3,13.21,0.0,13.51,1
94,1,2025-06-19 14:12:00,2025-06-19 14:42:00,1,4.6,5,1,16.43,2.46,19.19,3
95,1,2025-06-13 20:48:00,2025-06-13 21:34:00,2,3.71,13,13,11.7,1.17,13.17,1
96,1,2025-06-25 18:48:00,2025-06-25 19:04:00,1,2.58,14,3,10.18,1.02,11.5,1
97,2,2025-06-14 23:59:00,2025-06-15 00:39:00,4,3.18,8,12,10.6,0.0,10.9,2
98,1,2025-06-13 09:21:00,2025-06-13 09:55:00,2,0.47,2,10,3.84,0.58,4.72,3
99,2,2025-06-15 16:03:00,2025-06-15 16:43:00,3,3.2,10,1,13.23,2.65,16.18,1
100,1,2025-06-08 23:21:00,2025-06-08 23:53:00,3,4.12,15,5,14.13,2.12,16.55,2
101,1,2025-06-29 21:21:00,2025-06-29 22:15:00,1,2.28,6,11,8.47,0.85,9.62,1
102,1,2025-06-19 17:37:00,2025-06-19 18:23:00,2,3.25,14,13,11.58,1.74,13.62,1
103,2,2025-06-15 07:32:00,2025-06-15 07:50:00,2,0.73,14,1,4.46,0.89,5.65,1
104,1,2025-06-09 12:53:00,2025-06-09 13:28:00,1,8.19,11,8,24.07,3.61,27.98,1
105,1,2025-06-25 23:53:00,2025-06-26 00:03:00,4,5.23,1,11,18.39,0.0,18.69,1
106,1,2025-06-15 03:25:00,2025-06-15 04:02:00,2,2.21,2,4,7.4,1.11,8.81,1
107,2,2025-06-30 11:28:00,2025-06-30 12:23:00,2,5.97,7,14,17.72,1.77,19.79,1
108,1,2025-06-21 18:55:00,2025-06-21 19:32:00,1,7.22,15,10,19.64,0.0,19.94,1
109,2,2025-06-19 21:13:00,2025-06-19 21:36:00,1,5.49,12,5,19.98,2.0,22.28,2
110,2,2025-06-25 12:16:00,2025-06-25 12:48:00,2,2.2,13,9,8.25,1.65,10.2,1
111,2,2025-06-09 14:03:00,2025-06-09 14:49:00,4,3.35,1,6,13.31,2.0,15.61,4
112,1,2025-06-18 08:24:00,2025-06-18 08:50:00,3,5.26,8,1,20.31,0.0,20.61,2
113,1,2025-06-16 02:37:00,2025-06-16 02:45:00,2,4.79,1,12,16.06,2.41,18.77,4
114,2,2025-06-30 19:11:00,2025-06-30 19:22:00,4,1.59,6,10,6.14,0.61,7.05,1
115,1,2025-06-15 22:52:00,2025-06-15 23:37:00,3,4.5,14,9,14.11,2.12,16.53,1
116,1,2025-06-11 16:25:00,2025-06-11 17:07:00,2,1.61,4,12,7.36,0.74,8.4,1
117,1,2025-06-29 20:13:00,2025-06-29 21:00:00,1,4.78,1,6,17.0,0.0,17.3,1
118,1,2025-06-18 01:25:00,2025-06-18 01:54:00,1,1.57,7,10,6.23,1.25,7.78,1
119,2,2025-06-04 14:15:00,2025-06-04 14:56:00,4,5.21,3,4,15.47,3.09,18.86,1
120,1,2025-06-21 21:58:00,2025-06-21 22:16:00,1,1.08,15,5,5.74,0.86,6.9,2
121,1,2025-06-16 17:26:00,2025-06-16 18:05:00,2,1.57,14,5,7.25,1.09,8.64,4
122,2,2025-06-22 23:47:00,2025-06-22 23:55:00,4,8.32,6,10,23.17,4.63,28.1,1
123,2,2025-06-01 23:57:00,2025-06-02 00:52:00,1,2.28,15,10,9.06,0.0,9.36,4
124,2,2025-06-11 11:21:00,2025-06-11 12:01:00,4,1.79,11,4,8.16,0.0,8.46,4
125,2,2025-07-01 00:00:00,2025-07-01 00:45:00,1,4.76,5,13,18.13,0.0,18.43,2
126,2,2025-06-17 14:31:00,2025-06-17 15:19:00,1,0.69,6,12,4.13,0.41,4.84,1
127,2,2025-06-07 00:21:00,2025-06-07 01:13:00,2,0.2,14,3,3.07,0.31,3.68,4
128,1,2025-06-14 10:22:00,2025-06-14 11:11:00,1,1.83,8,2,8.44,0.0,8.74,4
129,2,2025-06-19 02:04:00,2025-06-19 02:57:00,1,2.34,9,2,8.76,0.88,9.94,3
130,1,2025-06-12 22:21:00,2025-06-12 23:00:00,2,2.88,2,11,10.15,1.02,11.47,1
131,2,2025-06-29 04:42:00,2025-06-29 05:19:00,4,1.84,15,12,7.98,1.2,9.48,2
132,1,2025-06-06 07:26:00,2025-06-06 07:36:00,1,5.74,5,8,15.44,0.0,15.74,1
133,1,2025-06-25 11:08:00,2025-06-25 11:18:00,2,1.65,7,10,8.01,1.6,9.91,3
134,2,2025-06-05 12:09:00,2025-06-05 13:04:00,1,4.5,5,1,15.04,2.26,17.6,2
135,2,2025-06-21 05:43:00,2025-06-21 06:00:00,1,3.79,15,11,13.96,2.79,17.05,2
136,1,2025-06-13 13:20:00,2025-06-13 13:34:00,4,2.44,2,11,10.7,1.6,12.6,3
137,1,2025-06-28 04:14:00,2025-06-28 04:17:00,3,5.0,4,2,19.43,3.89,23.62,1
138,1,2025-06-11 14:29:00,2025-06-11 14:52:00,1,3.79,1,5,14.36,2.87,17.53,2
139,1,2025-06-12 09:46:00,2025-06-12 10:39:00,3,4.61,6,13,12.78,0.0,13.08,1
140,1,2025-06-01 17:14:00,2025-06-01 17:27:00,4,5.95,12,7,17.48,0.0,17.78,1
141,1,2025-06-22 16:11:00,2025-06-22 16:41:00,4,3.64,4,10,10.98,2.2,13.48,4
142,2,2025-06-30 23:41:00,2025-07-01 00:16:00,2,0.72,1,8,4.34,0.0,4.64,3
143,1,2025-06-05 21:55:00,2025-06-05 22:28:00,1,2.67,10,3,11.26,1.13,12.69,1
144,2,2025-06-29 09:55:00,2025-06-29 10:37:00,2,0.99,7,10,5.37,0.54,6.21,2
145,1,2025-06-28 13:17:00,2025-06-28 13:46:00,2,5.85,12,14,21.36,4.27,25.93,2
146,1,2025-06-11 09:34:00,2025-06-11 10:02:00,1,5.11,7,7,15.82,2.37,18.49,2
147,1,2025-06-15 05:21:00,2025-06-15 06:05:00,1,3.04,2,2,11.69,1.75,13.74,2
148,2,2025-06-05 09:28:00,2025-06-05 10:17:00,4,8.4,9,1,28.43,0.0,28.73,1
149,2,2025-06-19 16:42:00,2025-06-19 17:06:00,1,6.7,5,10,20.64,0.0,20.94,1
150,1,2025-06-27 07:14:00,2025-06-27 07:48:00,1,0.2,4,14,3.0,0.45,3.75,4
151,1,2025-06-26 07:35:00,2025-06-26 08:00:00,3,4.47,14,9,13.55,2.03,15.88,3
152,2,2025-06-13 04:07:00,2025-06-13 04:10:00,1,4.32,15,6,12.94,1.29,14.53,1
153,1,2025-06-07 12:28:00,2025-06-07 13:06:00,2,2.76,2,12,11.03,0.0,11.33,2
154,1,2025-06-21 15:30:00,2025-06-21 15:53:00,1,2.53,12,6,8.54,0.85,9.69,1
155,2,2025-06-08 03:56:00,2025-06-08 04:46:00,2,0.88,8,10,4.72,0.71,5.73,1
156,2,2025-06-10 19:27:00,2025-06-10 20:17:00,4,1.08,7,2,5.54,0.55,6.39,3
157,1,2025-06-27 23:51:00,2025-06-28 00:24:00,1,1.42,1,1,6.0,1.2,7.5,1
158,2,2025-06-07 05:53:00,2025-06-07 06:43:00,4,2.9,2,1,9.77,0.98,11.05,2
159,1,2025-06-08 23:54:00,2025-06-09 00:04:00,2,0.81,2,7,4.77,0.48,5.55,1
160,2,2025-06-21 22:10:00,2025-06-21 22:16:00,4,5.44,7,10,20.1,4.02,24.42,3
161,2,2025-06-20 00:13:00,2025-06-20 00:33:00,1,3.52,8,14,11.62,2.32,14.24,2
162,2,2025-06-05 19:37:00,2025-06-05 19:54:00,1,3.49,9,2,12.0,1.8,14.1,3
163,1,2025-06-16 10:50:00,2025-06-16 11:06:00,1,2.56,9,9,9.7,0.0,10.0,1
164,1,2025-06-30 08:59:00,2025-06-30 09:53:00,1,4.3,3,5,12.72,0.0,13.02,2
165,2,2025-06-07 22:58:00,2025-06-07 23:48:00,4,3.25,8,13,13.36,2.0,15.66,2
166,2,2025-06-30 06:19:00,2025-06-30 07:01:00,1,2.37,14,11,10.52,1.05,11.87,2
167,1,2025-06-04 02:35:00,2025-06-04 03:07:00,1,1.53,6,9,6.37,0.0,6.67,2
168,1,2025-06-21 13:36:00,2025-06-21 13:40:00,3,3.83,2,11,11.19,1.12,12.61,2
169,1,2025-06-24 01:51:00,2025-06-24 02:17:00,1,0.6,8,15,4.39,0.0,4.69,2
170,2,2025-06-22 15:30:00,2025-06-22 16:04:00,4,3.82,8,2,11.6,0.0,11.9,1
171,1,2025-06-23 23:06:00,2025-06-23 23:49:00,1,3.94,9,9,13.24,1.99,15.53,1
172,1,2025-06-13 20:59:00,2025-06-13 21:25:00,4,4.6,11,10,14.88,1.49,16.67,3
173,1,2025-06-16 05:31:00,2025-06-16 05:37:00,1,1.91,12,14,7.59,0.76,8.65,1
174,2,2025-06-27 12:30:00,2025-06-27 13:14:00,1,5.55,5,11,15.65,1.57,17.52,2
175,1,2025-06-04 20:32:00,2025-06-04 20:53:00,4,0.39,11,12,3.51,0.0,3.81,3
176,1,2025-06-20 06:28:00,2025-06-20 07:02:00,1,2.11,5,3,8.06,0.81,9.17,4
177,1,2025-06-23 03:08:00,2025-06-23 03:22:00,4,3.37,9,13,10.23,0.0,10.53,1
178,1,2025-06-29 03:03:00,2025-06-29 03:13:00,4,4.33,3,3,15.13,0.0,15.43,2
179,2,2025-06-02 23:43:00,2025-06-03 00:11:00,1,1.0,5,13,5.86,1.17,7.33,2
180,1,2025-06-11 21:14:00,2025-06-11 21:35:00,1,5.72,15,14,21.71,3.26,25.27,3
181,1,2025-06-26 23:03:00,2025-06-26 23:33:00,3,1.54,7,3,6.59,1.32,8.21,1
182,1,2025-06-12 09:04:00,2025-06-12 09:09:00,4,3.61,9,15,13.22,1.32,14.84,4
183,2,2025-06-24 11:30:00,2025-06-24 11:39:00,1,2.42,3,14,8.62,1.72,10.64,1
184,2,2025-06-21 12:45:00,2025-06-21 13:09:00,1,6.68,1,7,24.65,3.7,28.65,2
185,1,2025-06-04 17:08:00,2025-06-04 17:33:00,1,3.49,13,3,10.59,1.06,11.95,1
186,1,2025-06-22 12:02:00,2025-06-22 12:48:00,1,5.02,8,10,18.55,2.78,21.63,1
187,2,2025-06-12 15:32:00,2025-06-12 15:47:00,1,4.55,7,2,16.48,3.3,20.08,1
188,1,2025-06-06 13:05:00,2025-06-06 13:10:00,2,0.92,8,2,4.79,0.96,6.05,2
189,2,2025-06-25 09:30:00,2025-06-25 09:33:00,1,1.34,7,1,6.6,0.66,7.56,2
190,1,2025-06-19 23:00:00,2025-06-19 23:13:00,3,1.17,9,6,6.01,0.0,6.31,2
191,2,2025-06-24 02:08:00,2025-06-24 03:00:00,1,5.86,1,11,18.14,2.72,21.16,1
192,1,2025-06-01 17:44:00,2025-06-01 18:08:00,3,3.0,4,12,11.94,1.19,13.43,3
193,2,2025-06-16 03:11:00,2025-06-16 03:21:00,4,5.74,14,13,20.73,0.0,21.03,2
194,2,2025-06-29 18:01:00,2025-06-29 18:14:00,1,3.93,12,13,14.97,0.0,15.27,1
195,2,2025-06-10 04:11:00,2025-06-10 04:15:00,1,4.32,9,7,13.64,1.36,15.3,1
196,2,2025-06-30 10:35:00,2025-06-30 10:49:00,1,0.2,14,11,3.01,0.0,3.31,1
197,2,2025-06-17 17:58:00,2025-06-17 18:27:00,4,5.86,6,3,21.68,3.25,25.23,2
198,1,2025-06-17 17:14:00,2025-06-17 18:07:00,2,0.98,12,7,5.27,0.0,5.57,2
199,2,2025-06-09 05:06:00,2025-06-09 05:42:00,1,2.93,5,8,10.1,1.01,11.41,3
200,2,2025-06-21 04:51:00,2025-06-21 05:15:00,4,4.14,10,7,13.83,1.38,15.51,4
201,2,2025-06-03 14:39:00,2025-06-03 14:45:00,1,2.18,1,3,8.64,0.0,8.94,1
202,1,2025-06-04 01:26:00,2025-06-04 01:43:00,3,1.31,6,7,6.61,0.66,7.57,1
203,2,2025-06-21 11:26:00,2025-06-21 11:51:00,4,0.73,6,7,4.61,0.92,5.83,1
204,2,2025-06-12 08:38:00,2025-06-12 08:47:00,3,5.77,8,9,15.37,0.0,15.67,1
205,2,2025-06-12 21:55:00,2025-06-12 22:46:00,1,3.05,12,15,12.86,1.29,14.45,1
206,2,2025-06-07 04:15:00,2025-06-07 04:21:00,4,5.48,2,13,17.53,2.63,20.46,1
207,1,2025-06-03 22:55:00,2025-06-03 23:32:00,1,0.2,13,6,3.14,0.0,3.44,1
208,2,2025-06-07 07:41:00,2025-06-07 07:58:00,2,2.04,6,9,8.92,0.0,9.22,4
209,2,2025-06-26 02:32:00,2025-06-26 02:42:00,3,2.52,9,7,8.98,1.35,10.63,1
210,2,2025-06-06 16:53:00,2025-06-06 17:15:00,1,2.62,8,11,10.28,1.54,12.12,4
211,1,2025-06-26 02:10:00,2025-06-26 02:52:00,1,0.2,15,14,3.0,0.6,3.9,2
212,1,2025-06-07 23:08:00,2025-06-07 23:29:00,1,1.32,15,12,5.66,0.57,6.53,2
213,1,2025-06-13 22:15:00,2025-06-13 22:22:00,3,3.19,11,5,11.63,0.0,11.93,3
214,2,2025-06-08 16:11:00,2025-06-08 16:50:00,3,6.18,3,11,23.08,0.0,23.38,1
215,2,2025-06-02 06:59:00,2025-06-02 07:06:00,3,6.09,13,10,20.11,0.0,20.41,3
216,2,2025-06-02 09:04:00,2025-06-02 09:37:00,2,4.05,5,11,15.73,3.15,19.18,1
217,1,2025-06-19 11:33:00,2025-06-19 11:54:00,1,0.2,8,8,3.0,0.45,3.75,2
218,2,2025-06-07 12:55:00,2025-06-07 13:17:00,2,4.12,12,14,15.82,1.58,17.7,1
219,1,2025-06-17 20:43:00,2025-06-17 21:17:00,1,1.5,8,4,6.64,0.66,7.6,1
220,1,2025-06-14 04:59:00,2025-06-14 05:25:00,1,2.5,4,14,10.59,1.59,12.48,2
221,2,2025-06-15 05:34:00,2025-06-15 05:48:00,1,3.4,15,5,12.08,1.81,14.19,1
222,2,2025-06-18 21:31:00,2025-06-18 22:05:00,1,0.74,4,10,4.53,0.0,4.83,1
223,1,2025-06-13 19:18:00,2025-06-13 19:51:00,2,0.2,9,1,3.1,0.31,3.71,1
224,2,2025-06-13 00:52:00,2025-06-13 01:40:00,1,0.88,6,1,4.82,0.72,5.84,2
225,2,2025-06-26 13:39:00,2025-06-26 13:53:00,3,2.07,13,9,8.01,1.2,9.51,3
226,2,2025-06-28 19:25:00,2025-06-28 19:34:00,3,4.52,7,6,13.14,0.0,13.44,1
227,2,2025-06-07 13:34:00,2025-06-07 13:48:00,2,1.5,3,12,5.87,0.0,6.17,2
228,2,2025-06-21 19:09:00,2025-06-21 19:20:00,1,1.92,3,6,8.12,1.62,10.04,2
229,2,2025-06-29 01:22:00,2025-06-29 02:11:00,2,4.75,9,8,15.84,3.17,19.31,4
230,2,2025-06-01 18:10:00,2025-06-01 18:35:00,4,0.85,7,10,4.71,0.0,5.01,4
231,1,2025-06-29 15:19:00,2025-06-29 15:22:00,3,1.85,10,4,8.03,1.61,9.94,2
232,2,2025-06-08 18:14:00,2025-06-08 18:49:00,1,2.26,13,14,9.18,1.84,11.32,4
233,1,2025-06-12 00:32:00,2025-06-12 00:36:00,2,0.27,6,7,3.16,0.47,3.93,3
234,1,2025-06-10 06:42:00,2025-06-10 07:10:00,4,1.76,15,8,7.43,1.49,9.22,1
235,2,2025-06-24 14:32:00,2025-06-24 14:47:00,3,0.2,6,3,3.05,0.46,3.81,1
236,1,2025-06-25 20:40:00,2025-06-25 21:04:00,1,0.42,10,8,3.76,0.38,4.44,1
237,2,2025-06-26 09:34:00,2025-06-26 09:55:00,1,4.09,12,4,12.96,1.3,14.56,2
238,2,2025-06-16 20:59:00,2025-06-16 21:36:00,2,8.77,5,2,31.62,3.16,35.08,4
239,2,2025-06-16 16:58:00,2025-06-16 17:49:00,4,3.79,6,15,12.15,0.0,12.45,1
240,2,2025-06-22 19:16:00,2025-06-22 19:31:00,1,1.56,5,15,6.31,1.26,7.87,1
241,1,2025-06-29 00:29:00,2025-06-29 01:18:00,1,1.86,4,11,8.09,1.62,10.01,1
242,1,2025-06-19 19:26:00,2025-06-19 19:49:00,1,2.39,11,13,9.82,0.0,10.12,2
243,2,2025-06-08 04:30:00,2025-06-08 04:58:00,1,0.72,13,5,4.5,0.0,4.8,3
244,1,2025-06-03 16:37:00,2025-06-03 17:28:00,1,0.2,4,9,3.0,0.6,3.9,2
245,1,2025-06-09 00:00:00,2025-06-09 00:04:00,1,5.31,15,1,17.34,1.73,19.37,2
246,2,2025-06-28 10:23:00,2025-06-28 10:31:00,1,3.16,5,8,12.97,1.3,14.57,4
247,1,2025-06-23 22:44:00,2025-06-23 23:15:00,1,2.65,11,5,9.38,1.41,11.09,3
248,2,2025-06-16 08:12:00,2025-06-16 09:04:00,2,6.98,3,10,20.33,0.0,20.63,2
249,1,2025-06-15 22:11:00,2025-06-15 22:18:00,1,2.44,6,15,10.74,1.61,12.65,1
250,1,2025-06-18 10:57:00,2025-06-18 11:14:00,1,3.75,6,5,12.76,1.28,14.34,3
251,2,2025-06-17 08:43:00,2025-06-17 09:29:00,4,3.47,7,11,12.07,0.0,12.37,1
252,2,2025-06-30 01:38:00,2025-06-30 01:58:00,1,6.31,4,3,19.17,0.0,19.47,2
253,1,2025-06-28 13:37:00,2025-06-28 14:02:00,1,0.91,13,11,5.02,1.0,6.32,3
254,2,2025-06-28 02:47:00,2025-06-28 03:39:00,1,4.54,9,12,12.93,1.94,15.17,2
255,2,2025-06-06 02:33:00,2025-06-06 02:38:00,3,5.35,3,3,15.57,3.11,18.98,2
256,2,2025-06-06 06:57:00,2025-06-06 07:42:00,1,0.2,8,2,3.0,0.6,3.9,2
257,2,2025-06-07 00:07:00,2025-06-07 00:41:00,1,0.87,12,1,5.0,0.5,5.8,4
258,2,2025-06-01 03:17:00,2025-06-01 04:06:00,4,4.57,1,7,13.75,0.0,14.05,1
259,1,2025-06-25 15:05:00,2025-06-25 15:10:00,1,3.93,5,7,15.55,0.0,15.85,4
260,2,2025-06-30 04:42:00,2025-06-30 05:30:00,2,2.88,6,15,11.07,1.66,13.03,4
261,2,2025-06-18 04:19:00,2025-06-18 04:45:00,1,7.94,11,14,28.3,0.0,28.6,1
262,1,2025-06-25 10:49:00,2025-06-25 11:16:00,1,5.82,14,1,19.0,0.0,19.3,2
263,1,2025-06-25 18:40:00,2025-06-25 19:09:00,4,0.2,3,5,3.0,0.3,3.6,4
264,1,2025-06-06 03:15:00,2025-06-06 03:19:00,1,2.42,10,13,10.17,1.53,12.0,1
265,1,2025-06-04 01:29:00,2025-06-04 01:37:00,2,1.3,4,12,6.41,0.0,6.71,2
266,2,2025-06-11 15:57:00,2025-06-11 16:33:00,1,1.93,3,9,7.25,0.0,7.55,4
267,1,2025-06-27 05:15:00,2025-06-27 05:37:00,4,0.2,5,15,3.14,0.0,3.44,2
268,1,2025-06-11 01:26:00,2025-06-11 01:54:00,4,1.51,9,10,6.37,0.0,6.67,3
269,2,2025-06-20 10:37:00,2025-06-20 11:14:00,4,0.2,13,9,3.17,0.48,3.95,2
270,2,2025-06-19 13:55:00,2025-06-19 14:06:00,1,3.35,13,9,11.08,0.0,11.38,4
271,2,2025-06-11 06:08:00,2025-06-11 06:29:00,3,3.93,9,7,13.33,0.0,13.63,2
272,1,2025-06-07 02:27:00,2025-06-07 02:53:00,2,2.29,6,11,8.21,0.0,8.51,4
273,1,2025-06-17 21:18:00,2025-06-17 21:25:00,1,0.2,11,10,3.0,0.45,3.75,1
274,2,2025-06-27 17:47:00,2025-06-27 18:35:00,1,2.32,8,4,9.47,0.0,9.77,1
275,1,2025-06-10 15:21:00,2025-06-10 15:35:00,2,4.22,15,4,16.85,2.53,19.68,1
276,2,2025-06-26 03:01:00,2025-06-26 03:23:00,1,2.95,8,9,11.74,1.76,13.8,1
277,2,2025-06-17 08:49:00,2025-06-17 09:23:00,1,4.94,13,14,18.13,2.72,21.15,1
278,1,2025-06-15 05:47:00,2025-06-15 06:15:00,1,1.62,12,3,6.15,0.0,6.45,2
279,1,2025-06-27 13:55:00,2025-06-27 14:34:00,2,2.87,7,10,9.49,0.0,9.79,2
280,2,2025-06-30 19:00:00,2025-06-30 19:45:00,2,1.47,12,11,6.33,0.95,7.58,1
281,1,2025-06-17 00:40:00,2025-06-17 00:52:00,1,4.88,11,1,14.31,2.86,17.47,4
282,1,2025-06-03 04:59:00,2025-06-03 05:49:00,1,5.23,14,11,14.05,0.0,14.35,3
283,2,2025-06-07 20:57:00,2025-06-07 20:59:00,1,3.65,15,8,10.79,2.16,13.25,1
284,2,2025-06-25 05:19:00,2025-06-25 05:56:00,3,5.47,9,12,17.23,0.0,17.53,1
285,1,2025-06-01 18:43:00,2025-06-01 19:17:00,3,4.42,2,15,16.5,0.0,16.8,1
286,2,2025-06-11 23:12:00,2025-06-11 23:26:00,2,0.3,14,6,3.38,0.34,4.02,1
287,1,2025-06-17 23:28:00,2025-06-17 23:55:00,4,1.68,11,14,7.6,0.76,8.66,4
288,2,2025-06-30 13:51:00,2025-06-30 14:41:00,1,3.6,7,7,10.56,1.58,12.44,3
289,1,2025-06-01 10:19:00,2025-06-01 11:05:00,3,4.37,10,14,14.39,1.44,16.13,1
290,1,2025-06-11 10:57:00,2025-06-11 11:12:00,1,5.38,8,5,20.15,4.03,24.48,3
291,1,2025-06-13 18:14:00,2025-06-13 18:50:00,4,2.7,1,4,11.45,1.15,12.9,4
292,2,2025-06-19 03:02:00,2025-06-19 03:08:00,4,2.99,4,10,10.15,2.03,12.48,2
293,2,2025-06-16 02:20:00,2025-06-16 02:46:00,1,3.24,9,12,13.47,0.0,13.77,1
294,2,2025-06-20 21:25:00,2025-06-20 21:41:00,1,2.05,10,13,9.07,0.91,10.28,1
295,1,2025-06-29 20:37:00,2025-06-29 20:56:00,4,3.68,7,7,11.6,2.32,14.22,2
296,1,2025-06-18 07:08:00,2025-06-18 07:15:00,1,0.95,13,4,5.47,0.55,6.32,1
297,1,2025-06-08 00:27:00,2025-06-08 00:53:00,1,2.49,6,2,10.19,1.02,11.51,1
298,1,2025-06-21 05:46:00,2025-06-21 06:11:00,2,0.31,3,2,3.47,0.0,3.77,2
299,2,2025-06-26 08:22:00,2025-06-26 08:59:00,2,2.22,2,10,7.62,1.52,9.44,1
300,1,2025-06-14 06:46:00,2025-06-14 07:14:00,3,3.12,12,15,10.82,0.0,11.12,2
301,1,2025-06-08 17:13:00,2025-06-08 17:58:00,2,2.36,3,2,8.54,1.28,10.12,1
302,1,2025-06-20 03:57:00,2025-06-20 04:18:00,4,3.98,6,5,13.57,0.0,13.87,3
303,2,2025-06-23 13:32:00,2025-06-23 14:12:00,1,1.47,7,6,5.97,0.0,6.27,2
304,2,2025-06-16 05:37:00,2025-06-16 06:06:00,3,1.65,3,5,7.74,1.55,9.59,3
305,2,2025-06-10 03:23:00,2025-06-10 03:55:00,3,1.07,12,12,6.1,0.61,7.01,4
306,1,2025-06-12 00:47:00,2025-06-12 01:09:00,3,8.19,6,2,24.21,3.63,28.14,2
307,2,2025-06-09 04:31:00,2025-06-09 05:16:00,4,3.25,8,13,12.49,0.0,12.79,1
308,1,2025-06-19 14:53:00,2025-06-19 15:38:00,4,2.71,4,5,10.09,1.01,11.4,2
309,2,2025-06-18 03:46:00,2025-06-18 03:52:00,3,0.51,9,15,3.98,0.8,5.08,1
310,1,2025-06-17 08:42:00,2025-06-17 09:28:00,1,4.09,10,11,15.89,3.18,19.37,4
311,2,2025-06-12 07:08:00,2025-06-12 07:52:00,1,2.55,11,11,9.98,2.0,12.28,4
312,1,2025-06-20 14:10:00,2025-06-20 14:18:00,2,2.11,4,9,7.17,0.72,8.19,1
313,1,2025-06-18 19:13:00,2025-06-18 19:44:00,1,3.59,1,8,12.55,1.26,14.11,2
314,2,2025-06-04 21:46:00,2025-06-04 21:55:00,2,0.43,6,5,3.87,0.0,4.17,4
315,2,2025-06-10 09:57:00,2025-06-10 10:32:00,1,0.83,6,2,4.76,0.71,5.77,4
316,1,2025-06-06 05:42:00,2025-06-06 05:45:00,4,3.46,11,13,13.64,0.0,13.94,1
317,2,2025-06-24 11:36:00,2025-06-24 11:49:00,4,1.42,4,13,6.35,0.95,7.6,1
318,1,2025-06-09 11:35:00,2025-06-09 12:17:00,2,2.6,1,12,10.27,1.54,12.11,2
319,1,2025-06-20 13:11:00,2025-06-20 13:37:00,1,4.66,10,2,14.31,0.0,14.61,1
320,2,2025-06-09 23:15:00,2025-06-09 23:46:00,3,3.24,9,11,10.07,1.51,11.88,2
321,2,2025-06-28 19:42:00,2025-06-28 20:09:00,3,1.54,3,14,7.45,1.49,9.24,2
322,1,2025-06-04 20:34:00,2025-06-04 21:19:00,1,2.19,4,5,7.67,0.0,7.97,1
323,1,2025-06-07 10:24:00,2025-06-07 10:58:00,3,1.04,3,8,5.51,0.83,6.64,1
324,1,2025-06-23 06:49:00,2025-06-23 07:09:00,1,5.02,14,8,14.39,1.44,16.13,1
325,2,2025-06-23 01:19:00,2025-06-23 01:29:00,2,3.9,7,11,13.71,2.06,16.07,3
326,1,2025-06-21 04:48:00,2025-06-21 05:21:00,1,5.15,1,13,14.86,2.97,18.13,1
327,1,2025-06-13 12:12:00,2025-06-13 12:28:00,3,1.96,9,9,7.89,1.18,9.37,1
328,1,2025-06-13 04:36:00,2025-06-13 05:27:00,4,2.9,9,14,10.77,1.08,12.15,2
329,1,2025-06-25 20:45:00,2025-06-25 21:00:00,2,4.17,5,14,15.83,0.0,16.13,1
330,1,2025-06-16 20:44:00,2025-06-16 21:38:00,1,3.14,13,13,9.74,0.0,10.04,4
331,1,2025-06-27 18:10:00,2025-06-27 18:56:00,1,1.25,10,3,6.2,0.0,6.5,4
332,1,2025-06-03 16:50:00,2025-06-03 17:28:00,1,5.87,10,9,17.89,1.79,19.98,3
333,2,2025-06-14 07:38:00,2025-06-14 07:58:00,1,0.2,3,13,3.06,0.0,3.36,1
334,2,2025-06-30 20:24:00,2025-06-30 20:34:00,1,0.91,4,3,5.27,0.0,5.57,4
335,1,2025-06-18 20:56:00,2025-06-18 21:29:00,2,5.06,8,2,17.44,2.62,20.36,2
336,2,2025-06-13 15:53:00,2025-06-13 16:39:00,3,5.51,8,8,20.81,2.08,23.19,1
337,2,2025-06-05 05:44:00,2025-06-05 06:32:00,1,6.14,13,9,21.15,0.0,21.45,2
338,1,2025-06-10 15:23:00,2025-06-10 15:56:00,3,2.68,6,9,9.26,0.93,10.49,4
339,2,2025-06-23 02:07:00,2025-06-23 02:59:00,1,1.43,11,13,5.73,0.0,6.03,1
340,1,2025-06-08 04:33:00,2025-06-08 05:03:00,4,5.85,4,12,18.57,2.79,21.66,1
341,2,2025-06-08 05:38:00,2025-06-08 05:57:00,4,4.85,1,7,13.65,0.0,13.95,3
342,2,2025-06-11 15:44:00,2025-06-11 16:13:00,1,4.3,1,4,15.34,0.0,15.64,1
343,2,2025-06-28 00:27:00,2025-06-28 00:43:00,4,0.94,14,2,4.58,0.46,5.34,1
344,1,2025-06-22 17:46:00,2025-06-22 17:52:00,1,2.92,12,13,9.73,0.0,10.03,1
345,1,2025-06-17 17:28:00,2025-06-17 17:49:00,1,5.56,11,11,19.76,0.0,20.06,2
346,1,2025-06-26 15:15:00,2025-06-26 15:17:00,4,5.95,8,6,19.95,0.0,20.25,3
347,1,2025-06-07 21:20:00,2025-06-07 21:48:00,3,1.51,3,13,6.22,0.0,6.52,3
348,1,2025-06-18 11:27:00,2025-06-18 11:51:00,1,1.69,13,3,8.17,0.82,9.29,3
349,2,2025-06-04 20:01:00,2025-06-04 20:18:00,1,0.52,14,14,4.02,0.0,4.32,2
350,1,2025-06-28 14:55:00,2025-06-28 15:29:00,1,2.26,5,11,7.98,1.2,9.48,2
351,2,2025-06-18 13:29:00,2025-06-18 13:38:00,1,3.37,6,15,10.2,0.0,10.5,2
352,1,2025-06-26 20:49:00,2025-06-26 21:17:00,1,6.19,13,8,18.83,0.0,19.13,2
353,2,2025-06-04 01:45:00,2025-06-04 01:47:00,2,3.15,9,5,9.66,1.45,11.41,3
354,2,2025-06-19 07:23:00,2025-06-19 07:30:00,1,3.8,10,3,13.78,2.76,16.84,1
355,1,2025-06-04 14:18:00,2025-06-04 14:52:00,1,8.2,7,10,22.07,2.21,24.58,3
356,1,2025-06-20 21:51:00,2025-06-20 22:39:00,2,0.49,1,4,4.14,0.0,4.44,1
357,1,2025-06-21 15:12:00,2025-06-21 15:53:00,4,1.8,2,1,8.06,0.0,8.36,1
358,2,2025-06-08 10:56:00,2025-06-08 11:29:00,1,2.06,9,13,9.39,1.88,11.57,1
359,2,2025-06-06 18:38:00,2025-06-06 19:27:00,1,3.52,6,13,13.99,0.0,14.29,2
360,2,2025-06-03 21:45:00,2025-06-03 22:03:00,2,1.57,11,2,7.3,1.46,9.06,2
361,1,2025-06-17 09:21:00,2025-06-17 09:26:00,1,0.48,13,2,3.77,0.38,4.45,3
362,2,2025-06-24 03:46:00,2025-06-24 03:48:00,1,3.21,4,1,9.73,0.0,10.03,2
363,1,2025-06-07 19:55:00,2025-06-07 20:08:00,2,6.96,4,6,22.43,3.36,26.09,3
364,1,2025-06-15 13:27:00,2025-06-15 13:46:00,1,1.46,6,2,7.16,1.43,8.89,1
365,2,2025-06-24 11:21:00,2025-06-24 11:25:00,1,3.96,13,14,13.42,1.34,15.06,1
366,2,2025-06-26 04:07:00,2025-06-26 04:38:00,4,2.97,5,10,9.06,0.0,9.36,2
367,1,2025-06-12 00:57:00,2025-06-12 01:28:00,1,0.2,12,15,3.18,0.0,3.48,1
368,1,2025-06-19 15:52:00,2025-06-19 15:55:00,1,7.33,11,14,20.68,2.07,23.05,1
369,2,2025-06-30 21:57:00,2025-06-30 22:23:00,1,5.17,4,7,14.52,2.9,17.72,1
370,2,2025-06-13 17:38:00,2025-06-13 17:45:00,4,0.45,15,14,3.51,0.0,3.81,1
371,1,2025-06-21 20:45:00,2025-06-21 21:34:00,2,4.01,2,10,11.96,1.79,14.05,3
372,2,2025-06-06 22:46:00,2025-06-06 23:03:00,4,3.68,15,13,11.88,1.19,13.37,4
373,1,2025-06-15 20:21:00,2025-06-15 20:43:00,1,1.74,13,13,8.3,0.0,8.6,1
374,2,2025-06-08 11:32:00,2025-06-08 12:02:00,1,3.65,2,9,12.57,1.89,14.76,2
375,1,2025-06-15 00:45:00,2025-06-15 01:16:00,1,3.1,14,12,9.91,0.99,11.2,4
376,1,2025-06-15 22:02:00,2025-06-15 22:13:00,4,4.26,6,7,12.34,0.0,12.64,1
377,1,2025-06-12 20:10:00,2025-06-12 21:04:00,1,3.73,9,12,12.52,1.88,14.7,2
378,1,2025-06-05 15:18:00,2025-06-05 16:11:00,1,3.17,1,1,12.49,0.0,12.79,1
379,1,2025-06-19 05:32:00,2025-06-19 05:57:00,1,1.27,5,15,5.42,1.08,6.8,1
380,2,2025-06-09 23:59:00,2025-06-10 00:42:00,1,0.2,2,15,3.05,0.0,3.35,1
381,2,2025-06-21 23:31:00,2025-06-21 23:36:00,4,4.55,8,1,17.0,2.55,19.85,2
382,2,2025-06-08 20:45:00,2025-06-08 21:09:00,1,5.59,5,5,16.24,0.0,16.54,1
383,1,2025-06-28 22:46:00,2025-06-28 23:27:00,1,0.95,8,1,5.16,1.03,6.49,2
384,1,2025-06-07 05:53:00,2025-06-07 06:21:00,2,1.17,4,11,5.35,1.07,6.72,4
385,2,2025-06-17 08:14:00,2025-06-17 08:46:00,1,0.88,6,7,5.4,1.08,6.78,1
386,2,2025-06-15 12:17:00,2025-06-15 12:57:00,3,2.53,1,13,8.73,0.87,9.9,1
387,1,2025-06-27 13:52:00,2025-06-27 14:08:00,1,4.15,9,14,14.9,1.49,16.69,2
388,2,2025-06-18 16:15:00,2025-06-18 16:39:00,4,3.04,3,4,12.6,0.0,12.9,3
389,1,2025-06-17 07:53:00,2025-06-17 08:32:00,2,6.41,3,10,23.89,4.78,28.97,2
390,1,2025-06-15 01:34:00,2025-06-15 01:47:00,1,3.77,1,4,13.01,0.0,13.31,2
391,2,2025-06-22 18:05:00,2025-06-22 18:07:00,1,1.78,12,3,8.14,0.81,9.25,1
392,2,2025-06-07 17:20:00,2025-06-07 17:59:00,1,5.72,13,2,19.92,0.0,20.22,1
393,2,2025-06-19 00:05:00,2025-06-19 00:44:00,4,4.63,12,7,13.44,0.0,13.74,1
394,1,2025-06-08 22:16:00,2025-06-08 23:03:00,4,4.26,13,6,16.82,3.36,20.48,2
395,2,2025-06-08 23:31:00,2025-06-08 23:57:00,3,2.08,12,10,7.39,0.0,7.69,1
396,1,2025-06-09 06:52:00,2025-06-09 07:32:00,2,6.21,4,11,18.53,3.71,22.54,1
397,2,2025-06-16 01:43:00,2025-06-16 02:32:00,2,4.91,14,12,15.18,0.0,15.48,1
398,1,2025-06-13 01:40:00,2025-06-13 01:55:00,4,4.11,6,5,12.77,0.0,13.07,1
399,2,2025-06-03 04:35:00,2025-06-03 05:01:00,1,1.17,8,15,5.31,0.8,6.41,2
400,1,2025-06-18 01:58:00,2025-06-18 02:06:00,1,4.03,11,13,15.37,3.07,18.74,2
401,1,2025-06-04 08:30:00,2025-06-04 09:23:00,2,4.19,2,6,13.32,0.0,13.62,1
402,2,2025-06-04 09:55:00,2025-06-04 10:32:00,4,1.75,6,10,8.33,0.0,8.63,1
403,1,2025-06-20 15:07:00,2025-06-20 15:50:00,2,5.44,6,4,15.49,0.0,15.79,3
404,2,2025-06-26 05:14:00,2025-06-26 06:02:00,1,7.0,5,11,25.67,5.13,31.1,1
405,2,2025-06-05 08:45:00,2025-06-05 08:50:00,1,1.13,6,1,5.65,0.0,5.95,1
406,1,2025-06-29 10:45:00,2025-06-29 11:25:00,4,4.85,1,4,15.97,0.0,16.27,1
407,2,2025-06-04 17:29:00,2025-06-04 18:01:00,1,4.2,15,11,13.74,2.06,16.1,3
408,2,2025-06-25 18:19:00,2025-06-25 18:45:00,1,1.7,6,3,6.62,0.99,7.91,1
409,1,2025-06-21 00:18:00,2025-06-21 00:49:00,1,2.86,13,12,10.73,0.0,11.03,3
410,1,2025-06-16 15:30:00,2025-06-16 16:23:00,2,7.19,4,9,22.99,4.6,27.89,4
411,2,2025-06-24 18:47:00,2025-06-24 19:15:00,1,6.33,15,4,23.54,4.71,28.55,1
412,1,2025-06-18 23:13:00,2025-06-19 00:00:00,1,2.51,15,9,8.13,1.63,10.06,4
413,2,2025-06-21 10:28:00,2025-06-21 10:41:00,1,4.41,3,1,13.32,0.0,13.62,3
414,2,2025-06-20 19:33:00,2025-06-20 19:47:00,1,2.8,14,10,12.01,0.0,12.31,3
415,1,2025-06-04 01:11:00,2025-06-04 01:18:00,4,1.59,9,8,6.62,0.66,7.58,2
416,1,2025-06-27 17:47:00,2025-06-27 18:22:00,3,4.57,7,3,16.84,0.0,17.14,2
417,2,2025-06-27 12:26:00,2025-06-27 13:16:00,2,4.14,13,5,12.13,0.0,12.43,1
418,1,2025-06-18 10:23:00,2025-06-18 11:06:00,1,2.99,8,1,10.82,2.16,13.28,2
419,1,2025-06-07 13:07:00,2025-06-07 13:48:00,4,0.69,12,4,4.05,0.41,4.76,2
420,2,2025-06-13 05:21:00,2025-06-13 05:46:00,4,1.16,5,5,5.08,0.51,5.89,3
421,2,2025-06-05 11:16:00,2025-06-05 11:32:00,3,6.97,5,12,21.54,2.15,23.99,3
422,2,2025-06-05 01:31:00,2025-06-05 01:45:00,1,7.45,12,8,22.84,3.43,26.57,2
423,1,2025-06-08 05:38:00,2025-06-08 05:44:00,1,2.26,15,10,7.84,1.57,9.71,1
424,2,2025-06-10 03:14:00,2025-06-10 04:09:00,4,5.51,8,1,15.0,0.0,15.3,1
425,1,2025-06-13 11:15:00,2025-06-13 11:40:00,1,4.31,11,1,15.27,0.0,15.57,2
426,2,2025-06-28 00:51:00,2025-06-28 01:21:00,1,0.97,10,9,4.84,0.73,5.87,1
427,1,2025-06-12 18:31:00,2025-06-12 19:20:00,1,3.64,3,14,10.63,0.0,10.93,3
428,1,2025-06-11 05:52:00,2025-06-11 06:37:00,2,2.4,9,1,8.38,1.26,9.94,1
429,2,2025-06-30 11:06:00,2025-06-30 11:19:00,2,2.98,12,12,9.96,1.0,11.26,2
430,2,2025-06-16 20:53:00,2025-06-16 21:24:00,3,3.04,5,11,10.11,1.52,11.93,1
431,2,2025-06-01 08:01:00,2025-06-01 08:35:00,1,8.67,11,10,30.31,6.06,36.67,3
432,2,2025-06-05 22:04:00,2025-06-05 22:36:00,1,3.18,11,6,9.74,0.97,11.01,3
433,2,2025-06-30 15:34:00,2025-06-30 15:55:00,4,4.16,13,14,12.85,0.0,13.15,1
434,2,2025-06-07 08:50:00,2025-06-07 09:38:00,2,5.55,5,5,14.88,2.23,17.41,2
435,2,2025-06-02 14:34:00,2025-06-02 15:13:00,4,2.49,11,9,8.55,0.0,8.85,1
436,1,2025-06-24 02:07:00,2025-06-24 02:28:00,2,0.56,3,5,4.3,0.86,5.46,1
437,1,2025-06-12 18:31:00,2025-06-12 19:19:00,1,4.48,11,2,13.34,1.33,14.97,1
438,2,2025-06-14 23:25:00,2025-06-14 23:53:00,2,0.2,6,5,3.13,0.31,3.74,4
439,1,2025-06-06 08:38:00,2025-06-06 09:10:00,3,6.01,2,8,19.91,3.98,24.19,1
440,1,2025-06-18 08:53:00,2025-06-18 09:28:00,1,4.19,14,14,13.22,0.0,13.52,1
441,1,2025-06-16 14:17:00,2025-06-16 14:45:00,1,7.62,6,14,28.29,0.0,28.59,2
442,1,2025-06-16 03:19:00,2025-06-16 04:01:00,2,2.84,11,1,12.11,1.21,13.62,1
443,2,2025-06-10 12:42:00,2025-06-10 13:32:00,4,3.61,3,10,11.13,0.0,11.43,2
444,1,2025-06-19 08:36:00,2025-06-19 09:05:00,4,0.48,1,1,4.11,0.62,5.03,1
445,1,2025-06-01 15:22:00,2025-06-01 15:44:00,1,3.31,11,12,9.85,0.0,10.15,3
446,2,2025-06-16 16:07:00,2025-06-16 16:28:00,1,0.62,9,10,3.96,0.59,4.85,1
447,1,2025-06-03 01:56:00,2025-06-03 02:17:00,1,5.4,6,7,17.75,3.55,21.6,2
448,1,2025-06-17 08:23:00,2025-06-17 09:13:00,4,2.46,1,4,8.47,1.27,10.04,1
449,2,2025-06-10 14:40:00,2025-06-10 15:28:00,3,5.67,7,15,15.81,0.0,16.11,2
450,1,2025-06-03 05:04:00,2025-06-03 05:44:00,1,3.54,11,14,14.51,0.0,14.81,3
451,1,2025-06-06 06:28:00,2025-06-06 06:56:00,1,2.19,4,12,7.98,0.0,8.28,2
452,1,2025-06-05 14:17:00,2025-06-05 15:01:00,2,3.57,10,12,12.58,2.52,15.4,4
453,1,2025-06-05 18:35:00,2025-06-05 19:09:00,1,3.0,8,4,9.51,0.0,9.81,4
454,1,2025-06-24 19:24:00,2025-06-24 19:38:00,3,2.17,5,3,8.21,1.23,9.74,2
455,2,2025-06-10 10:51:00,2025-06-10 11:37:00,1,4.92,15,2,13.34,0.0,13.64,1
456,1,2025-06-24 06:55:00,2025-06-24 07:01:00,2,2.43,15,5,9.96,0.0,10.26,1
457,2,2025-06-13 00:29:00,2025-06-13 01:00:00,2,6.86,6,13,24.79,2.48,27.57,3
458,1,2025-06-06 06:35:00,2025-06-06 06:43:00,4,4.39,1,14,16.64,0.0,16.94,3
459,2,2025-06-08 18:14:00,2025-06-08 18:37:00,1,1.79,6,14,7.77,0.0,8.07,1
460,2,2025-06-19 05:45:00,2025-06-19 06:12:00,2,4.96,14,7,19.14,1.91,21.35,3
461,2,2025-06-08 14:10:00,2025-06-08 14:19:00,3,5.48,2,7,21.01,0.0,21.31,3
462,1,2025-06-20 22:35:00,2025-06-20 22:48:00,2,5.7,10,1,19.22,1.92,21.44,2
463,1,2025-06-06 03:21:00,2025-06-06 03:49:00,4,2.49,12,14,9.94,0.0,10.24,4
464,1,2025-06-16 09:30:00,2025-06-16 10:05:00,2,3.48,2,7,12.34,2.47,15.11,1
465,1,2025-06-30 04:35:00,2025-06-30 05:01:00,3,5.54,1,1,20.62,4.12,25.04,4
466,2,2025-06-22 08:35:00,2025-06-22 09:08:00,1,6.36,13,8,23.13,0.0,23.43,1
467,2,2025-06-13 15:49:00,2025-06-13 15:54:00,3,0.55,2,8,3.96,0.0,4.26,2
468,1,2025-06-05 00:08:00,2025-06-05 00:41:00,1,3.08,8,12,10.93,0.0,11.23,2
469,2,2025-06-19 18:23:00,2025-06-19 18:27:00,3,3.16,10,11,9.8,1.96,12.06,2
470,1,2025-06-10 09:56:00,2025-06-10 10:39:00,1,3.19,6,14,12.09,1.21,13.6,4
471,1,2025-06-21 16:23:00,2025-06-21 16:46:00,1,0.49,12,8,3.86,0.39,4.55,4
472,2,2025-06-30 23:42:00,2025-06-30 23:58:00,3,2.12,14,11,7.17,0.72,8.19,2
473,1,2025-06-18 00:23:00,2025-06-18 01:09:00,1,6.71,2,5,21.23,3.18,24.71,1
474,1,2025-06-18 21:08:00,2025-06-18 21:23:00,2,5.97,12,6,18.91,0.0,19.21,1
475,1,2025-06-29 19:40:00,2025-06-29 20:35:00,2,2.69,11,10,11.3,1.7,13.3,1
476,2,2025-06-25 03:17:00,2025-06-25 04:06:00,3,2.25,14,10,7.58,1.14,9.02,4
477,2,2025-06-09 01:33:00,2025-06-09 02:19:00,3,0.21,11,10,3.0,0.45,3.75,2
478,2,2025-06-20 01:17:00,2025-06-20 01:57:00,1,1.59,5,7,7.75,0.0,8.05,2
479,2,2025-06-07 01:40:00,2025-06-07 01:50:00,4,0.42,14,12,3.8,0.38,4.48,3
480,2,2025-06-26 04:39:00,2025-06-26 05:21:00,4,4.9,10,12,14.56,0.0,14.86,1
481,2,2025-06-07 00:54:00,2025-06-07 01:41:00,3,0.2,12,2,3.06,0.31,3.67,2
482,2,2025-06-27 12:34:00,2025-06-27 13:12:00,2,0.2,11,12,3.17,0.48,3.95,4
483,1,2025-06-01 13:56:00,2025-06-01 14:31:00,1,4.81,4,5,13.39,0.0,13.69,3
484,1,2025-06-12 09:40:00,2025-06-12 09:51:00,1,4.48,4,13,16.87,1.69,18.86,4
485,2,2025-06-21 14:21:00,2025-06-21 14:29:00,1,0.85,12,11,4.94,0.0,5.24,2
486,2,2025-06-14 02:10:00,2025-06-14 02:56:00,3,1.1,7,7,5.8,0.87,6.97,1
487,2,2025-06-01 14:09:00,2025-06-01 14:58:00,3,3.18,14,4,12.48,1.87,14.65,2
488,1,2025-06-28 11:03:00,2025-06-28 11:17:00,4,6.12,5,8,21.66,0.0,21.96,1
489,1,2025-06-09 12:13:00,2025-06-09 12:26:00,1,3.1,9,5,9.47,0.95,10.72,2
490,2,2025-06-12 14:32:00,2025-06-12 14:34:00,3,2.15,1,3,8.08,0.0,8.38,1
491,2,2025-06-29 11:04:00,2025-06-29 11:45:00,3,4.18,6,2,15.66,3.13,19.09,1
492,2,2025-06-09 08:50:00,2025-06-09 09:25:00,1,1.72,3,7,6.42,1.28,8.0,1
493,1,2025-06-11 01:36:00,2025-06-11 01:51:00,1,2.22,9,8,8.17,1.63,10.1,3
494,1,2025-06-16 17:55:00,2025-06-16 18:25:00,1,1.59,15,10,6.46,1.29,8.05,3
495,1,2025-06-15 14:32:00,2025-06-15 14:58:00,3,7.57,12,5,22.66,4.53,27.49,4
496,2,2025-06-18 01:33:00,2025-06-18 02:07:00,4,0.65,8,1,4.56,0.68,5.54,1
497,1,2025-06-15 13:52:00,2025-06-15 14:26:00,1,4.02,9,1,16.03,3.21,19.54,3
498,1,2025-06-29 15:35:00,2025-06-29 16:26:00,3,3.67,14,2,11.51,1.73,13.54,4
499,2,2025-06-20 19:23:00,2025-06-20 20:06:00,1,3.53,8,12,13.17,0.0,13.47,1
500,1,2025-06-04 08:00:00,2025-06-04 08:05:00,1,2.46,9,2,8.44,0.84,9.58,2
501,1,2025-06-18 15:50:00,2025-06-18 16:20:00,4,1.67,9,1,6.21,0.0,6.51,2
502,1,2025-06-03 01:42:00,2025-06-03 02:28:00,1,1.57,15,9,7.55,0.76,8.61,4
503,1,2025-06-14 17:09:00,2025-06-14 17:49:00,2,6.26,14,11,19.56,2.93,22.79,1
504,2,2025-06-25 06:41:00,2025-06-25 06:57:00,4,5.05,13,13,14.44,2.17,16.91,1
505,1,2025-06-14 13:33:00,2025-06-14 14:18:00,1,7.33,1,9,26.25,2.62,29.17,1
506,2,2025-06-01 05:29:00,2025-06-01 06:07:00,1,0.2,9,2,3.08,0.62,4.0,3
507,2,2025-06-16 15:34:00,2025-06-16 15:49:00,1,0.62,3,4,4.25,0.0,4.55,1
508,2,2025-06-09 06:05:00,2025-06-09 06:49:00,4,4.78,14,13,17.6,0.0,17.9,2
509,2,2025-06-04 07:53:00,2025-06-04 08:13:00,1,2.45,8,6,8.47,1.69,10.46,3
510,1,2025-06-30 19:57:00,2025-06-30 20:14:00,1,1.79,2,15,6.65,1.33,8.28,2
511,2,2025-06-21 12:13:00,2025-06-21 12:36:00,2,1.86,10,6,7.9,1.58,9.78,1
512,2,2025-06-01 05:16:00,2025-06-01 05:38:00,1,2.0,12,12,7.49,0.0,7.79,4
513,2,2025-06-17 08:39:00,2025-06-17 08:49:00,2,2.39,6,13,9.13,1.37,10.8,2
514,1,2025-06-05 22:52:00,2025-06-05 23:05:00,3,1.5,14,5,6.96,0.0,7.26,1
515,1,2025-06-12 23:31:00,2025-06-13 00:19:00,3,3.83,14,9,11.27,0.0,11.57,2
516,2,2025-06-19 10:30:00,2025-06-19 11:21:00,4,2.65,9,5,10.21,0.0,10.51,4
517,1,2025-06-07 18:20:00,2025-06-07 18:45:00,2,0.2,3,8,3.08,0.31,3.69,1
518,1,2025-06-23 20:30:00,2025-06-23 20:32:00,2,5.97,11,3,20.38,4.08,24.76,1
519,1,2025-06-09 03:40:00,2025-06-09 04:18:00,2,6.12,6,1,23.07,3.46,26.83,1
520,2,2025-06-03 20:39:00,2025-06-03 20:57:00,2,2.22,11,4,8.37,0.0,8.67,2
521,2,2025-06-21 16:35:00,2025-06-21 16:39:00,4,6.14,11,14,16.77,3.35,20.42,1
522,2,2025-06-27 08:01:00,2025-06-27 08:37:00,3,3.95,11,7,13.89,2.08,16.27,3
523,2,2025-06-04 13:01:00,2025-06-04 13:36:00,2,3.14,6,14,10.25,1.54,12.09,4
524,1,2025-06-22 22:35:00,2025-06-22 23:15:00,1,8.83,8,3,22.0,0.0,22.3,2
525,2,2025-06-30 06:50:00,2025-06-30 07:09:00,1,3.52,11,4,11.77,0.0,12.07,3
526,1,2025-06-06 03:47:00,2025-06-06 04:19:00,4,4.51,4,10,16.08,2.41,18.79,4
527,1,2025-06-19 16:48:00,2025-06-19 16:51:00,3,3.24,11,9,11.93,0.0,12.23,1
528,1,2025-06-03 13:04:00,2025-06-03 13:16:00,4,4.3,9,7,13.29,0.0,13.59,3
529,2,2025-06-13 21:36:00,2025-06-13 21:43:00,3,3.8,3,4,13.01,1.95,15.26,1
530,2,2025-06-27 12:24:00,2025-06-27 13:18:00,1,6.01,11,9,21.26,4.25,25.81,3
531,1,2025-06-16 14:17:00,2025-06-16 14:48:00,3,2.55,2,1,9.27,0.0,9.57,4
532,1,2025-06-23 22:53:00,2025-06-23 23:38:00,2,2.75,10,2,9.94,0.0,10.24,2
533,1,2025-06-28 07:09:00,2025-06-28 07:13:00,3,5.06,8,11,18.2,0.0,18.5,2
534,2,2025-06-01 01:18:00,2025-06-01 02:09:00,1,1.4,9,7,6.72,1.01,8.03,3
535,1,2025-06-25 02:42:00,2025-06-25 03:11:00,2,3.69,6,10,14.11,2.12,16.53,1
536,2,2025-06-12 14:00:00,2025-06-12 14:32:00,1,6.95,5,10,24.18,0.0,24.48,1
537,1,2025-06-01 05:58:00,2025-06-01 06:45:00,4,3.19,1,7,11.52,2.3,14.12,4
538,2,2025-06-15 09:02:00,2025-06-15 09:30:00,1,2.95,7,11,10.27,0.0,10.57,4
539,2,2025-06-25 09:34:00,2025-06-25 10:03:00,3,0.55,13,4,4.36,0.65,5.31,4
540,2,2025-06-26 09:00:00,2025-06-26 09:32:00,1,2.06,9,8,7.47,1.49,9.26,2
541,2,2025-06-16 16:07:00,2025-06-16 16:58:00,4,2.25,12,4,9.76,0.0,10.06,1
542,1,2025-06-05 13:31:00,2025-06-05 13:46:00,1,0.2,13,9,3.06,0.31,3.67,2
543,1,2025-06-29 22:32:00,2025-06-29 22:34:00,1,4.51,7,2,14.97,2.99,18.26,1
544,2,2025-06-17 21:03:00,2025-06-17 21:10:00,4,0.2,15,7,3.09,0.46,3.85,2
545,2,2025-06-03 14:45:00,2025-06-03 15:36:00,1,4.48,14,11,14.72,0.0,15.02,1
546,1,2025-06-28 06:49:00,2025-06-28 07:23:00,1,0.48,10,3,3.85,0.0,4.15,1
547,2,2025-06-30 19:27:00,2025-06-30 19:29:00,2,4.08,6,11,12.83,1.92,15.05,2
548,2,2025-06-10 02:47:00,2025-06-10 03:22:00,4,3.06,15,2,9.29,0.0,9.59,4
549,2,2025-06-26 10:42:00,2025-06-26 11:21:00,3,0.2,4,8,3.01,0.6,3.91,1
550,2,2025-06-12 21:11:00,2025-06-12 21:24:00,1,7.61,9,2,22.96,0.0,23.26,1
551,2,2025-06-24 08:38:00,2025-06-24 08:56:00,1,5.94,7,10,19.67,2.95,22.92,4
552,1,2025-06-16 11:00:00,2025-06-16 11:51:00,2,0.5,15,10,3.88,0.58,4.76,1
553,2,2025-06-12 17:36:00,2025-06-12 17:42:00,1,0.46,13,6,3.63,0.0,3.93,2
554,1,2025-06-25 09:04:00,2025-06-25 09:06:00,2,5.69,4,5,19.8,1.98,22.08,3
555,2,2025-06-16 13:32:00,2025-06-16 13:38:00,1,1.96,15,10,7.55,0.0,7.85,3
556,2,2025-06-09 15:42:00,2025-06-09 16:15:00,1,2.76,12,4,11.01,0.0,11.31,1
557,1,2025-06-10 05:28:00,2025-06-10 06:23:00,4,3.21,2,15,10.16,0.0,10.46,3
558,2,2025-06-23 10:07:00,2025-06-23 10:48:00,1,6.12,1,14,16.01,3.2,19.51,2
559,2,2025-06-15 08:31:00,2025-06-15 09:04:00,2,6.68,8,3,21.8,2.18,24.28,1
560,1,2025-06-27 05:52:00,2025-06-27 06:02:00,3,0.61,8,9,3.88,0.58,4.76,1
561,1,2025-06-18 22:02:00,2025-06-18 22:47:00,1,3.58,8,6,10.89,2.18,13.37,3
562,2,2025-06-10 14:11:00,2025-06-10 14:37:00,1,0.91,6,10,5.14,0.51,5.95,2
563,1,2025-06-12 23:06:00,2025-06-12 23:23:00,2,2.56,8,7,9.19,0.0,9.49,3
564,1,2025-06-17 22:39:00,2025-06-17 23:04:00,3,8.46,8,3,29.79,2.98,33.07,3
565,1,2025-06-11 09:39:00,2025-06-11 10:33:00,1,4.55,14,7,13.8,2.07,16.17,4
566,1,2025-06-07 19:20:00,2025-06-07 19:52:00,4,4.18,7,8,15.74,0.0,16.04,2
567,1,2025-06-25 07:15:00,2025-06-25 08:03:00,4,2.23,1,7,8.08,1.62,10.0,1
568,1,2025-06-03 17:34:00,2025-06-03 17:49:00,2,5.42,14,11,19.72,2.96,22.98,3
569,2,2025-06-16 05:32:00,2025-06-16 05:50:00,1,1.47,6,1,7.38,0.74,8.42,1
570,2,2025-06-28 13:27:00,2025-06-28 13:41:00,1,5.26,3,13,17.71,3.54,21.55,1
571,1,2025-06-24 05:32:00,2025-06-24 06:05:00,1,3.55,5,8,10.64,2.13,13.07,3
572,1,2025-06-16 08:31:00,2025-06-16 08:59:00,1,0.94,7,14,5.28,1.06,6.64,1
573,2,2025-06-16 15:19:00,2025-06-16 15:35:00,2,2.01,11,7,8.64,1.73,10.67,4
574,1,2025-06-17 12:40:00,2025-06-17 13:29:00,1,6.02,7,3,19.98,3.0,23.28,1
575,1,2025-06-11 16:16:00,2025-06-11 17:00:00,1,3.16,3,7,12.3,0.0,12.6,1
576,1,2025-06-22 12:50:00,2025-06-22 13:27:00,1,6.67,9,13,17.6,2.64,20.54,1
577,2,2025-06-29 03:07:00,2025-06-29 03:18:00,2,7.4,4,12,22.24,0.0,22.54,3
578,2,2025-06-06 18:04:00,2025-06-06 18:14:00,1,5.66,1,1,18.53,0.0,18.83,4
579,1,2025-06-22 16:05:00,2025-06-22 16:36:00,3,5.79,3,12,17.13,2.57,20.0,2
580,2,2025-06-21 18:40:00,2025-06-21 19:22:00,1,2.79,7,9,11.15,2.23,13.68,2
581,1,2025-06-25 13:27:00,2025-06-25 13:43:00,1,3.96,3,5,12.95,1.29,14.54,2
582,2,2025-06-07 04:52:00,2025-06-07 05:16:00,2,1.06,1,12,5.2,1.04,6.54,1
583,1,2025-06-01 09:58:00,2025-06-01 10:49:00,2,1.62,9,6,6.51,0.0,6.81,2
584,1,2025-06-20 21:26:00,2025-06-20 21:53:00,1,3.94,14,7,12.35,1.85,14.5,1
585,2,2025-06-20 05:11:00,2025-06-20 05:53:00,2,3.43,5,11,13.79,1.38,15.47,1
586,2,2025-06-04 02:46:00,2025-06-04 02:59:00,1,6.76,11,8,18.48,0.0,18.78,3
587,1,2025-06-29 08:12:00,2025-06-29 08:45:00,1,3.36,1,3,10.09,2.02,12.41,1
588,1,2025-06-06 16:34:00,2025-06-06 17:21:00,1,3.58,4,2,12.26,0.0,12.56,2
589,1,2025-06-10 21:13:00,2025-06-10 21:36:00,1,0.2,8,12,3.06,0.31,3.67,1
590,2,2025-06-07 15:34:00,2025-06-07 15:39:00,1,4.97,2,9,15.02,2.25,17.57,1
591,2,2025-06-12 09:09:00,2025-06-12 10:03:00,1,2.95,7,13,12.44,0.0,12.74,3
592,1,2025-06-02 12:36:00,2025-06-02 12:50:00,2,3.43,9,11,11.94,0.0,12.24,2
593,2,2025-06-15 04:54:00,2025-06-15 05:16:00,2,5.04,9,2,18.09,3.62,22.01,3
594,1,2025-06-14 14:23:00,2025-06-14 14:37:00,1,6.05,14,11,18.43,0.0,18.73,1
595,1,2025-06-29 19:18:00,2025-06-29 19:47:00,1,2.63,7,13,9.16,0.0,9.46,1
596,1,2025-06-27 10:41:00,2025-06-27 11:33:00,1,4.33,3,6,15.62,3.12,19.04,1
597,1,2025-06-23 18:02:00,2025-06-23 18:09:00,4,2.45,1,6,10.74,0.0,11.04,2
598,2,2025-06-05 21:18:00,2025-06-05 21:28:00,2,1.44,9,13,6.51,0.65,7.46,3
599,2,2025-06-09 18:46:00,2025-06-09 18:49:00,3,2.46,8,12,8.31,0.0,8.61,1
600,2,2025-06-25 16:48:00,2025-06-25 17:34:00,1,1.36,3,9,6.29,1.26,7.85,3
601,1,2025-06-22 07:36:00,2025-06-22 07:55:00,2,5.11,2,9,19.02,0.0,19.32,1
602,2,2025-06-12 23:38:00,2025-06-13 00:14:00,4,1.1,13,11,5.4,0.0,5.7,1
603,2,2025-06-01 20:26:00,2025-06-01 21:07:00,1,5.46,11,9,16.08,0.0,16.38,2
604,2,2025-06-23 15:27:00,2025-06-23 16:18:00,4,0.36,5,6,3.53,0.71,4.54,1
605,1,2025-06-06 00:39:00,2025-06-06 00:47:00,1,2.43,3,14,10.28,0.0,10.58,1
606,2,2025-06-23 02:09:00,2025-06-23 02:23:00,4,3.09,11,14,9.66,1.93,11.89,2
607,1,2025-06-24 22:20:00,2025-06-24 23:01:00,1,2.71,12,2,9.65,1.93,11.88,3
608,2,2025-06-23 08:44:00,2025-06-23 09:39:00,1,1.66,6,9,6.31,0.0,6.61,4
609,1,2025-06-03 15:40:00,2025-06-03 16:34:00,1,1.29,2,4,6.47,0.65,7.42,3
610,1,2025-06-11 12:19:00,2025-06-11 12:55:00,3,1.47,9,11,6.41,0.0,6.71,3
611,2,2025-06-09 03:24:00,2025-06-09 04:01:00,4,3.19,6,11,9.92,1.98,12.2,3
612,2,2025-06-20 10:28:00,2025-06-20 10:36:00,4,1.02,9,7,4.95,0.0,5.25,1
613,2,2025-06-25 07:09:00,2025-06-25 07:49:00,4,1.37,14,6,6.03,0.6,6.93,2
614,2,2025-06-15 17:17:00,2025-06-15 17:57:00,1,3.89,4,7,12.18,2.44,14.92,2
615,2,2025-06-21 08:47:00,2025-06-21 09:14:00,1,3.76,9,3,12.06,0.0,12.36,1
616,2,2025-06-11 02:21:00,2025-06-11 02:36:00,3,3.2,13,14,12.83,0.0,13.13,2
617,2,2025-06-26 07:39:00,2025-06-26 08:17:00,1,4.29,3,3,12.13,1.21,13.64,2
618,2,2025-06-12 08:54:00,2025-06-12 09:10:00,3,2.65,2,10,9.14,0.91,10.35,1
619,1,2025-06-04 12:19:00,2025-06-04 13:07:00,3,2.11,14,15,8.38,1.68,10.36,3
620,1,2025-06-14 16:06:00,2025-06-14 16:10:00,1,5.35,7,2,18.96,3.79,23.05,1
621,2,2025-06-20 18:22:00,2025-06-20 18:50:00,1,4.16,15,1,15.5,3.1,18.9,1
622,1,2025-06-24 20:45:00,2025-06-24 20:49:00,1,2.75,3,6,9.6,1.92,11.82,1
623,2,2025-06-18 21:07:00,2025-06-18 21:37:00,1,3.25,5,13,10.0,1.5,11.8,1
624,2,2025-06-16 07:11:00,2025-06-16 07:18:00,1,0.45,9,7,3.75,0.0,4.05,2
625,2,2025-06-23 20:07:00,2025-06-23 20:36:00,4,3.37,4,8,10.46,2.09,12.85,2
626,1,2025-06-09 22:11:00,2025-06-09 22:48:00,1,2.1,4,4,8.67,1.73,10.7,4
627,2,2025-06-20 13:44:00,2025-06-20 14:06:00,1,2.1,7,6,7.4,1.11,8.81,1
628,2,2025-06-16 16:18:00,2025-06-16 16:58:00,3,0.68,3,6,4.53,0.45,5.28,1
629,1,2025-06-21 01:06:00,2025-06-21 01:10:00,1,4.56,13,12,16.28,0.0,16.58,3
630,2,2025-06-03 11:34:00,2025-06-03 11:51:00,1,2.5,14,14,10.85,0.0,11.15,1
631,2,2025-06-06 01:32:00,2025-06-06 01:53:00,3,2.77,4,4,9.29,1.86,11.45,2
632,1,2025-06-29 08:31:00,2025-06-29 09:19:00,1,3.34,7,10,13.83,0.0,14.13,1
633,1,2025-06-03 17:39:00,2025-06-03 17:59:00,2,4.19,11,1,13.08,1.96,15.34,3
634,1,2025-06-13 08:20:00,2025-06-13 09:04:00,1,6.29,14,2,22.77,2.28,25.35,4
635,2,2025-06-30 13:19:00,2025-06-30 13:45:00,3,3.44,15,6,14.1,0.0,14.4,2
636,1,2025-06-05 00:08:00,2025-06-05 00:21:00,1,5.24,9,15,15.28,2.29,17.87,1
637,2,2025-06-25 02:15:00,2025-06-25 02:36:00,4,2.15,11,6,7.64,0.76,8.7,1
638,2,2025-06-11 17:59:00,2025-06-11 18:33:00,1,5.02,11,5,15.21,0.0,15.51,2
639,1,2025-06-13 18:02:00,2025-06-13 18:18:00,2,5.79,12,7,19.8,0.0,20.1,1
640,2,2025-06-27 01:45:00,2025-06-27 01:56:00,2,6.85,15,10,21.08,2.11,23.49,2
641,2,2025-06-06 23:55:00,2025-06-07 00:10:00,4,1.61,14,3,7.36,0.0,7.66,3
642,1,2025-06-24 20:08:00,2025-06-24 20:18:00,1,0.93,11,15,5.03,0.0,5.33,1
643,2,2025-06-26 08:45:00,2025-06-26 09:21:00,2,4.2,12,1,13.34,0.0,13.64,2
644,1,2025-06-14 19:20:00,2025-06-14 19:50:00,1,2.87,3,13,11.38,1.14,12.82,1
645,1,2025-06-09 09:47:00,2025-06-09 09:50:00,1,3.43,10,4,11.14,2.23,13.67,3
646,2,2025-06-02 04:29:00,2025-06-02 04:53:00,4,0.32,3,9,3.23,0.48,4.01,3
647,2,2025-06-18 00:27:00,2025-06-18 00:40:00,1,4.66,4,1,13.52,0.0,13.82,1
648,1,2025-06-19 19:09:00,2025-06-19 19:25:00,1,1.24,13,4,6.33,0.0,6.63,2
649,1,2025-06-29 01:59:00,2025-06-29 02:32:00,3,1.6,7,13,7.72,1.16,9.18,3
650,1,2025-06-18 07:28:00,2025-06-18 08:16:00,3,0.2,12,10,3.02,0.6,3.92,1
651,1,2025-06-21 13:16:00,2025-06-21 13:47:00,3,3.49,9,7,14.35,2.87,17.52,2
652,2,2025-06-24 11:44:00,2025-06-24 12:34:00,2,2.65,4,5,10.34,0.0,10.64,1
653,2,2025-06-14 00:17:00,2025-06-14 00:48:00,4,4.08,15,3,15.98,3.2,19.48,2
654,1,2025-06-05 02:47:00,2025-06-05 03:35:00,2,4.72,13,10,15.72,0.0,16.02,2
655,1,2025-06-15 17:18:00,2025-06-15 17:48:00,1,5.48,15,8,20.45,0.0,20.75,1
656,2,2025-06-30 12:25:00,2025-06-30 13:12:00,4,3.56,2,2,13.73,0.0,14.03,1
657,2,2025-06-04 21:10:00,2025-06-04 21:45:00,1,2.3,3,7,10.25,2.05,12.6,4
658,1,2025-06-08 18:39:00,2025-06-08 19:02:00,1,0.2,3,14,3.08,0.0,3.38,4
659,1,2025-06-03 08:02:00,2025-06-03 08:30:00,1,1.99,11,3,9.17,0.92,10.39,1
660,2,2025-06-01 03:51:00,2025-06-01 04:32:00,3,6.38,8,8,22.4,0.0,22.7,4
661,2,2025-06-01 06:16:00,2025-06-01 06:56:00,1,4.35,8,7,15.14,2.27,17.71,2
662,1,2025-06-28 07:28:00,2025-06-28 07:30:00,1,2.16,5,10,7.89,1.58,9.77,1
663,2,2025-06-07 17:56:00,2025-06-07 18:01:00,1,2.87,14,10,11.75,2.35,14.4,1
664,2,2025-06-03 05:33:00,2025-06-03 05:41:00,3,2.73,3,11,9.87,0.0,10.17,3
665,1,2025-06-28 01:51:00,2025-06-28 02:29:00,1,3.5,6,15,12.11,2.42,14.83,4
666,2,2025-06-14 14:54:00,2025-06-14 15:16:00,3,1.92,14,2,7.57,1.14,9.01,1
667,1,2025-06-14 07:51:00,2025-06-14 08:23:00,4,5.35,7,9,16.03,3.21,19.54,1
668,2,2025-06-28 20:31:00,2025-06-28 20:36:00,2,5.62,2,8,15.6,3.12,19.02,2
669,2,2025-06-15 09:41:00,2025-06-15 09:59:00,3,0.2,10,10,3.02,0.0,3.32,3
670,1,2025-06-29 18:09:00,2025-06-29 18:42:00,4,2.11,15,10,8.39,0.0,8.69,1
671,2,2025-06-09 19:24:00,2025-06-09 19:26:00,2,4.93,13,10,18.06,0.0,18.36,1
672,1,2025-06-16 04:35:00,2025-06-16 04:59:00,4,4.79,1,11,16.26,0.0,16.56,1
673,2,2025-06-12 13:53:00,2025-06-12 14:45:00,1,4.82,2,11,16.29,0.0,16.59,2
674,2,2025-06-26 21:24:00,2025-06-26 22:05:00,4,3.93,4,6,15.67,0.0,15.97,2
675,2,2025-06-22 14:16:00,2025-06-22 15:09:00,2,4.31,15,14,12.79,1.92,15.01,4
676,2,2025-06-19 20:08:00,2025-06-19 20:57:00,3,3.45,5,10,10.32,2.06,12.68,2
677,2,2025-06-01 20:26:00,2025-06-01 20:41:00,1,1.53,2,3,7.55,0.76,8.61,1
678,2,2025-06-18 01:51:00,2025-06-18 02:33:00,1,2.32,10,10,9.09,0.0,9.39,2
679,1,2025-06-06 07:37:00,2025-06-06 08:29:00,2,3.23,5,7,10.82,0.0,11.12,1
680,2,2025-06-17 21:52:00,2025-06-17 22:22:00,1,0.2,4,9,3.14,0.31,3.75,1
681,2,2025-06-18 00:44:00,2025-06-18 01:36:00,3,4.57,1,13,13.06,2.61,15.97,1
682,2,2025-06-09 15:45:00,2025-06-09 16:08:00,1,3.53,5,13,14.18,2.84,17.32,4
683,2,2025-06-05 11:19:00,2025-06-05 12:13:00,2,5.71,12,1,21.86,0.0,22.16,3
684,1,2025-06-24 18:32:00,2025-06-24 18:41:00,1,2.92,11,14,8.94,0.0,9.24,2
685,1,2025-06-03 02:23:00,2025-06-03 02:31:00,1,0.2,13,5,3.01,0.6,3.91,1
686,1,2025-06-09 18:18:00,2025-06-09 18:38:00,1,2.8,13,8,9.59,0.96,10.85,1
687,2,2025-06-08 04:01:00,2025-06-08 04:20:00,3,7.18,4,9,23.12,0.0,23.42,1
688,1,2025-06-13 08:03:00,2025-06-13 08:14:00,1,6.69,10,4,24.79,2.48,27.57,1
689,1,2025-06-28 21:50:00,2025-06-28 22:13:00,1,2.54,2,7,8.18,0.0,8.48,2
690,2,2025-06-18 20:04:00,2025-06-18 20:17:00,3,3.03,11,14,11.73,2.35,14.38,1
691,2,2025-06-15 05:16:00,2025-06-15 05:39:00,3,4.56,2,15,16.2,3.24,19.74,1
692,2,2025-06-05 05:29:00,2025-06-05 06:23:00,4,0.2,2,8,3.13,0.47,3.9,3
693,2,2025-06-22 04:20:00,2025-06-22 04:52:00,2,3.37,5,15,13.4,2.68,16.38,1
694,1,2025-06-16 00:48:00,2025-06-16 01:40:00,1,4.68,8,8,17.63,1.76,19.69,2
695,1,2025-06-06 03:18:00,2025-06-06 03:42:00,3,0.2,10,10,3.01,0.3,3.61,1
696,1,2025-06-19 11:07:00,2025-06-19 12:01:00,1,3.74,6,9,13.93,0.0,14.23,2
697,1,2025-06-21 23:30:00,2025-06-21 23:57:00,1,1.89,8,7,7.21,0.0,7.51,1
698,2,2025-06-27 21:29:00,2025-06-27 21:58:00,3,2.36,10,13,9.91,1.49,11.7,3
699,1,2025-06-11 17:56:00,2025-06-11 18:09:00,3,2.76,14,8,11.66,2.33,14.29,2
700,2,2025-06-22 01:37:00,2025-06-22 01:59:00,1,2.48,3,5,9.61,1.44,11.35,2
701,1,2025-06-05 22:46:00,2025-06-05 23:31:00,1,4.61,11,11,14.74,2.21,17.25,1
702,1,2025-06-07 07:44:00,2025-06-07 08:23:00,2,0.2,13,3,3.16,0.0,3.46,2
703,2,2025-06-14 06:23:00,2025-06-14 06:49:00,2,1.49,5,10,6.15,0.62,7.07,3
704,1,2025-06-16 16:01:00,2025-06-16 16:08:00,1,1.68,9,7,7.37,1.47,9.14,1
705,2,2025-06-17 19:17:00,2025-06-17 19:54:00,1,3.28,2,14,11.92,1.19,13.41,1
706,2,2025-06-20 15:32:00,2025-06-20 16:18:00,2,3.18,12,7,11.75,1.18,13.23,2
707,2,2025-06-25 19:24:00,2025-06-25 19:39:00,2,1.95,14,15,7.23,1.08,8.61,1
708,1,2025-06-14 03:05:00,2025-06-14 03:49:00,1,1.17,2,11,5.25,0.0,5.55,3
709,2,2025-06-23 03:36:00,2025-06-23 04:20:00,3,0.2,14,8,3.0,0.45,3.75,1
710,1,2025-06-21 16:19:00,2025-06-21 16:53:00,1,5.67,7,6,17.86,2.68,20.84,2
711,2,2025-06-28 12:21:00,2025-06-28 12:23:00,1,0.2,5,7,3.0,0.6,3.9,1
712,1,2025-06-26 20:34:00,2025-06-26 21:06:00,1,1.29,10,8,6.43,0.0,6.73,3
713,2,2025-06-24 22:58:00,2025-06-24 23:48:00,4,3.62,2,4,10.8,2.16,13.26,3
714,1,2025-06-04 13:17:00,2025-06-04 14:02:00,1,0.89,5,10,5.13,1.03,6.46,2
715,2,2025-06-01 11:46:00,2025-06-01 12:18:00,1,0.2,7,6,3.08,0.31,3.69,1
716,2,2025-06-02 14:35:00,2025-06-02 15:21:00,1,4.5,12,13,17.38,1.74,19.42,3
717,2,2025-06-22 12:49:00,2025-06-22 13:28:00,1,3.53,1,5,14.46,2.89,17.65,1
718,2,2025-06-24 00:14:00,2025-06-24 00:20:00,1,3.8,5,3,14.74,1.47,16.51,4
719,2,2025-06-12 16:39:00,2025-06-12 16:41:00,1,3.05,11,8,12.54,0.0,12.84,1
720,2,2025-06-11 17:59:00,2025-06-11 18:32:00,1,0.35,14,1,3.35,0.67,4.32,1
721,2,2025-06-28 02:29:00,2025-06-28 03:23:00,4,4.59,4,11,18.07,2.71,21.08,3
722,2,2025-06-08 14:43:00,2025-06-08 14:58:00,1,5.23,1,11,17.63,1.76,19.69,1
723,2,2025-06-08 15:03:00,2025-06-08 15:34:00,2,1.77,4,7,7.98,1.6,9.88,1
724,2,2025-06-07 14:32:00,2025-06-07 15:07:00,2,4.26,5,15,16.32,0.0,16.62,3
725,2,2025-06-15 08:48:00,2025-06-15 09:23:00,1,2.95,14,7,12.24,1.22,13.76,1
726,1,2025-06-13 03:43:00,2025-06-13 04:36:00,4,2.65,7,8,8.64,1.73,10.67,3
727,1,2025-06-27 19:02:00,2025-06-27 19:53:00,4,3.85,6,9,14.16,0.0,14.46,1
728,2,2025-06-04 02:13:00,2025-06-04 02:15:00,1,4.99,2,11,15.94,3.19,19.43,1
729,1,2025-06-13 21:26:00,2025-06-13 21:44:00,3,3.36,11,15,10.26,2.05,12.61,3
730,1,2025-06-06 13:01:00,2025-06-06 13:48:00,2,3.63,14,10,14.66,0.0,14.96,3
731,2,2025-06-30 11:41:00,2025-06-30 12:19:00,4,3.64,5,5,10.99,0.0,11.29,1
732,2,2025-06-30 01:43:00,2025-06-30 02:14:00,1,1.93,13,7,8.88,0.89,10.07,1
733,2,2025-06-04 08:49:00,2025-06-04 09:08:00,1,3.55,5,14,11.73,0.0,12.03,2
734,1,2025-06-04 03:48:00,2025-06-04 04:21:00,4,1.17,10,7,6.45,0.0,6.75,2
735,2,2025-06-05 22:26:00,2025-06-05 22:37:00,1,1.04,15,8,5.55,0.0,5.85,1
736,1,2025-06-04 07:38:00,2025-06-04 07:44:00,2,2.64,13,8,10.12,1.01,11.43,1
737,2,2025-06-30 17:06:00,2025-06-30 17:48:00,3,3.78,12,6,12.59,0.0,12.89,1
738,2,2025-06-24 10:56:00,2025-06-24 11:43:00,4,3.2,8,7,13.15,1.97,15.42,4
739,2,2025-06-04 04:34:00,2025-06-04 05:10:00,1,3.51,2,10,13.13,1.97,15.4,3
740,2,2025-06-14 18:46:00,2025-06-14 19:13:00,1,5.24,6,9,14.38,0.0,14.68,4
741,1,2025-06-21 22:02:00,2025-06-21 22:52:00,1,3.51,7,11,10.97,0.0,11.27,3
742,2,2025-06-18 18:05:00,2025-06-18 18:13:00,4,0.2,8,2,3.09,0.31,3.7,1
743,2,2025-06-07 08:51:00,2025-06-07 08:55:00,2,4.37,7,2,15.22,2.28,17.8,2
744,1,2025-06-21 10:45:00,2025-06-21 10:48:00,2,6.34,6,13,16.73,0.0,17.03,1
745,1,2025-06-10 15:12:00,2025-06-10 16:05:00,1,1.75,3,12,8.32,1.66,10.28,1
746,1,2025-06-07 10:39:00,2025-06-07 11:12:00,1,1.1,15,15,5.78,0.87,6.95,3
747,1,2025-06-30 12:38:00,2025-06-30 12:48:00,3,6.16,8,10,22.74,0.0,23.04,1
748,1,2025-06-05 20:08:00,2025-06-05 20:17:00,2,3.47,4,2,12.2,2.44,14.94,1
749,1,2025-06-19 07:06:00,2025-06-19 07:28:00,1,5.51,14,13,18.23,1.82,20.35,2
750,2,2025-06-08 21:27:00,2025-06-08 21:50:00,1,5.39,3,13,14.77,1.48,16.55,3
751,2,2025-06-17 20:03:00,2025-06-17 20:40:00,1,4.0,2,13,14.09,0.0,14.39,1
752,2,2025-06-23 03:53:00,2025-06-23 04:00:00,2,4.55,15,2,12.54,0.0,12.84,3
753,1,2025-06-22 15:55:00,2025-06-22 16:41:00,3,4.02,7,4,12.65,1.9,14.85,3
754,2,2025-06-02 17:05:00,2025-06-02 17:45:00,1,4.03,10,2,12.24,1.84,14.38,2
755,1,2025-06-01 04:59:00,2025-06-01 05:36:00,2,3.29,10,6,11.83,0.0,12.13,4
756,1,2025-06-29 12:15:00,2025-06-29 12:59:00,4,4.25,4,2,12.91,0.0,13.21,4
757,2,2025-06-22 14:11:00,2025-06-22 14:44:00,1,4.6,5,4,12.86,1.29,14.45,1
758,1,2025-06-29 01:43:00,2025-06-29 02:36:00,3,6.0,1,2,22.11,3.32,25.73,1
759,2,2025-06-08 04:37:00,2025-06-08 05:29:00,2,5.68,12,8,15.48,0.0,15.78,1
760,1,2025-06-15 19:44:00,2025-06-15 20:00:00,4,3.66,4,2,13.97,1.4,15.67,2
761,1,2025-06-10 02:24:00,2025-06-10 02:50:00,1,3.84,15,7,13.64,0.0,13.94,2
762,1,2025-06-21 16:58:00,2025-06-21 17:11:00,4,2.68,8,12,9.64,0.0,9.94,1
763,2,2025-06-13 06:34:00,2025-06-13 06:48:00,2,2.92,3,2,10.92,1.09,12.31,2
764,1,2025-06-08 18:59:00,2025-06-08 19:49:00,3,3.66,10,3,12.06,1.21,13.57,2
765,2,2025-06-11 10:53:00,2025-06-11 11:00:00,1,1.03,10,8,5.83,0.0,6.13,1
766,1,2025-06-20 11:36:00,2025-06-20 12:25:00,3,4.54,6,7,17.24,0.0,17.54,1
767,2,2025-06-27 02:38:00,2025-06-27 02:40:00,2,2.65,1,7,11.48,2.3,14.08,4
768,1,2025-06-05 11:02:00,2025-06-05 11:32:00,4,3.51,9,13,12.31,0.0,12.61,3
769,2,2025-06-19 12:08:00,2025-06-19 12:23:00,1,4.38,1,8,15.54,0.0,15.84,3
770,1,2025-06-21 21:39:00,2025-06-21 22:17:00,4,4.5,8,8,16.44,0.0,16.74,2
771,1,2025-06-09 10:00:00,2025-06-09 10:52:00,2,5.24,14,11,18.45,0.0,18.75,3
772,1,2025-06-16 03:37:00,2025-06-16 04:12:00,4,1.07,13,5,4.9,0.73,5.93,1
773,1,2025-06-29 05:42:00,2025-06-29 06:05:00,2,3.14,15,1,12.97,1.3,14.57,1
774,1,2025-06-22 04:17:00,2025-06-22 04:58:00,3,2.5,3,11,8.12,0.81,9.23,3
775,1,2025-06-10 07:36:00,2025-06-10 07:46:00,4,4.74,12,13,13.57,2.04,15.91,4
776,2,2025-06-11 06:14:00,2025-06-11 06:36:00,1,3.02,9,11,10.42,1.04,11.76,1
777,2,2025-06-03 21:12:00,2025-06-03 21:37:00,2,1.83,8,12,7.68,0.0,7.98,2
778,2,2025-06-17 18:06:00,2025-06-17 18:59:00,1,5.2,4,15,18.14,0.0,18.44,1
779,1,2025-06-18 18:43:00,2025-06-18 18:56:00,2,1.94,2,12,7.02,0.7,8.02,1
780,1,2025-06-10 07:06:00,2025-06-10 07:41:00,2,8.31,5,7,30.28,0.0,30.58,1
781,1,2025-06-20 02:53:00,2025-06-20 03:23:00,3,3.17,14,13,10.19,0.0,10.49,3
782,2,2025-06-16 06:52:00,2025-06-16 07:20:00,2,2.76,8,10,10.49,1.05,11.84,1
783,2,2025-06-26 19:35:00,2025-06-26 19:45:00,1,4.64,8,6,17.1,0.0,17.4,1
784,1,2025-06-17 01:42:00,2025-06-17 02:02:00,4,2.13,10,15,8.35,0.0,8.65,2
785,1,2025-06-13 23:33:00,2025-06-13 23:46:00,1,7.16,3,4,24.21,0.0,24.51,1
786,1,2025-06-27 03:32:00,2025-06-27 03:42:00,4,2.53,3,4,9.4,0.94,10.64,1
787,1,2025-06-16 15:34:00,2025-06-16 15:45:00,2,1.37,2,15,5.78,0.58,6.66,2
788,2,2025-06-07 14:47:00,2025-06-07 15:18:00,4,5.07,1,12,19.3,0.0,19.6,3
789,2,2025-06-14 10:49:00,2025-06-14 11:21:00,1,7.61,11,3,26.13,5.23,31.66,3
790,1,2025-06-06 02:40:00,2025-06-06 03:28:00,1,0.2,3,11,3.05,0.0,3.35,1
791,1,2025-06-19 06:41:00,2025-06-19 07:22:00,3,4.43,10,11,12.74,0.0,13.04,2
792,1,2025-06-11 02:38:00,2025-06-11 03:30:00,3,1.28,4,1,6.75,0.68,7.73,4
793,1,2025-06-21 06:33:00,2025-06-21 07:18:00,4,2.78,8,6,10.32,0.0,10.62,1
794,2,2025-06-19 02:14:00,2025-06-19 02:25:00,1,2.41,6,7,9.87,1.48,11.65,1
795,2,2025-06-16 16:44:00,2025-06-16 17:08:00,4,2.39,12,15,9.37,0.0,9.67,2
796,2,2025-06-21 03:19:00,2025-06-21 03:39:00,1,5.33,12,15,15.27,2.29,17.86,4
797,2,2025-06-27 17:21:00,2025-06-27 18:01:00,1,4.43,6,2,14.77,2.95,18.02,1
798,2,2025-06-19 15:14:00,2025-06-19 15:56:00,4,3.94,3,9,15.49,2.32,18.11,2
799,2,2025-06-07 05:33:00,2025-06-07 05:47:00,3,4.01,14,14,13.99,0.0,14.29,1
800,1,2025-06-23 11:41:00,2025-06-23 12:18:00,1,5.1,1,13,18.25,0.0,18.55,1
801,2,2025-06-14 15:51:00,2025-06-14 16:33:00,4,4.4,7,3,15.63,1.56,17.49,3
802,2,2025-06-12 03:19:00,2025-06-12 03:22:00,3,1.15,8,2,5.19,0.52,6.01,2
803,1,2025-06-26 17:45:00,2025-06-26 18:14:00,1,5.2,6,9,16.91,0.0,17.21,1
804,1,2025-06-27 11:19:00,2025-06-27 11:24:00,1,1.03,15,12,4.95,0.74,5.99,1
805,1,2025-06-03 09:46:00,2025-06-03 10:05:00,3,1.28,5,5,6.78,0.0,7.08,1
806,2,2025-06-29 13:58:00,2025-06-29 14:11:00,1,5.49,13,3,19.62,3.92,23.84,4
807,1,2025-06-14 16:51:00,2025-06-14 17:10:00,1,1.93,6,14,6.97,1.39,8.66,1
808,1,2025-06-24 13:58:00,2025-06-24 14:18:00,1,0.25,7,6,3.16,0.47,3.93,1
809,1,2025-06-08 00:48:00,2025-06-08 01:22:00,2,3.44,12,14,13.77,2.75,16.82,2
810,2,2025-06-04 11:26:00,2025-06-04 11:35:00,4,4.53,8,6,16.92,0.0,17.22,1
811,2,2025-06-07 07:50:00,2025-06-07 08:44:00,1,0.2,3,12,3.07,0.31,3.68,3
812,2,2025-06-06 09:32:00,2025-06-06 09:48:00,1,5.42,12,4,15.26,0.0,15.56,1
813,2,2025-06-06 22:13:00,2025-06-06 22:20:00,1,0.2,13,8,3.0,0.0,3.3,1
814,2,2025-06-05 21:45:00,2025-06-05 21:49:00,1,4.82,10,1,17.69,3.54,21.53,1
815,1,2025-06-02 23:16:00,2025-06-02 23:22:00,3,3.1,15,10,9.68,0.0,9.98,1
816,2,2025-06-09 09:49:00,2025-06-09 10:33:00,3,3.49,3,14,11.65,0.0,11.95,1
817,1,2025-06-17 00:41:00,2025-06-17 00:53:00,3,5.45,10,2,18.5,3.7,22.5,4
818,1,2025-06-01 15:16:00,2025-06-01 15:51:00,4,0.31,5,3,3.26,0.0,3.56,1
819,1,2025-06-10 17:45:00,2025-06-10 18:19:00,1,4.62,8,11,16.53,0.0,16.83,4
820,1,2025-06-17 03:33:00,2025-06-17 03:59:00,1,1.28,4,7,5.97,1.19,7.46,1
821,1,2025-06-22 04:53:00,2025-06-22 05:02:00,1,0.76,9,12,4.5,0.45,5.25,1
822,2,2025-06-23 11:15:00,2025-06-23 11:24:00,4,2.9,10,12,10.22,1.53,12.05,4
823,2,2025-06-21 04:55:00,2025-06-21 05:11:00,4,1.56,14,2,7.53,0.0,7.83,1
824,2,2025-06-09 03:50:00,2025-06-09 03:52:00,2,2.62,11,2,11.4,1.71,13.41,2
825,1,2025-06-30 23:18:00,2025-07-01 00:03:00,1,4.21,2,12,13.79,2.76,16.85,1
826,2,2025-06-10 01:27:00,2025-06-10 01:50:00,4,3.79,2,4,11.75,1.76,13.81,2
827,2,2025-06-13 16:12:00,2025-06-13 17:02:00,2,2.57,6,8,9.0,1.35,10.65,2
828,2,2025-06-13 16:37:00,2025-06-13 16:48:00,2,0.5,2,5,4.06,0.0,4.36,1
829,1,2025-06-29 14:20:00,2025-06-29 14:30:00,2,6.58,11,1,23.53,3.53,27.36,2
830,1,2025-06-15 21:07:00,2025-06-15 21:18:00,4,3.84,2,13,12.34,2.47,15.11,4
831,2,2025-06-24 15:55:00,2025-06-24 16:46:00,3,0.85,8,9,4.67,0.7,5.67,1
832,1,2025-06-25 14:24:00,2025-06-25 15:00:00,2,3.32,7,15,9.87,0.0,10.17,2
833,1,2025-06-15 07:34:00,2025-06-15 08:00:00,2,2.67,15,12,8.94,0.89,10.13,2
834,2,2025-06-07 02:53:00,2025-06-07 03:14:00,4,3.4,13,2,12.9,1.94,15.14,2
835,2,2025-06-25 13:09:00,2025-06-25 13:47:00,3,0.55,7,5,3.81,0.0,4.11,2
836,1,2025-06-29 01:51:00,2025-06-29 02:36:00,3,3.71,6,1,12.23,1.22,13.75,1
837,2,2025-06-06 20:01:00,2025-06-06 20:56:00,1,0.65,7,2,4.39,0.44,5.13,1
838,2,2025-06-19 17:56:00,2025-06-19 18:20:00,3,6.05,4,4,16.22,0.0,16.52,1
839,2,2025-06-03 23:32:00,2025-06-03 23:53:00,3,4.16,8,11,14.34,0.0,14.64,2
840,2,2025-06-20 04:01:00,2025-06-20 04:20:00,2,4.04,10,1,11.49,1.72,13.51,2
841,2,2025-06-18 18:18:00,2025-06-18 18:40:00,1,0.2,6,8,3.0,0.0,3.3,2
842,1,2025-06-14 15:09:00,2025-06-14 15:34:00,3,1.52,8,11,7.61,0.0,7.91,1
843,1,2025-06-14 01:52:00,2025-06-14 02:10:00,4,9.9,10,12,29.06,0.0,29.36,4
844,2,2025-06-27 07:32:00,2025-06-27 07:40:00,2,5.26,2,10,17.81,1.78,19.89,1
845,2,2025-06-16 19:21:00,2025-06-16 20:13:00,1,6.67,7,11,21.21,2.12,23.63,2
846,1,2025-06-19 07:25:00,2025-06-19 07:43:00,1,5.01,11,13,17.28,2.59,20.17,3
847,2,2025-06-24 11:51:00,2025-06-24 12:04:00,3,1.91,5,15,8.91,1.34,10.55,3
848,1,2025-06-29 12:35:00,2025-06-29 12:40:00,1,2.53,8,3,9.65,0.97,10.92,3
849,2,2025-06-14 15:58:00,2025-06-14 16:27:00,1,0.2,14,7,3.16,0.0,3.46,3
850,1,2025-06-08 07:24:00,2025-06-08 07:42:00,1,5.43,7,4,18.92,0.0,19.22,1
851,1,2025-06-02 06:15:00,2025-06-02 06:32:00,1,3.73,7,11,12.88,1.93,15.11,1
852,1,2025-06-13 09:52:00,2025-06-13 10:02:00,4,1.47,11,9,5.79,0.58,6.67,4
853,2,2025-06-02 22:07:00,2025-06-02 22:55:00,1,2.78,6,10,11.48,0.0,11.78,2
854,1,2025-06-17 12:58:00,2025-06-17 13:42:00,1,3.24,7,14,12.18,0.0,12.48,1
855,2,2025-06-26 23:39:00,2025-06-27 00:28:00,2,2.14,13,15,8.91,1.78,10.99,1
856,2,2025-06-11 20:02:00,2025-06-11 20:42:00,4,3.2,6,14,10.01,1.0,11.31,3
857,2,2025-06-11 17:42:00,2025-06-11 18:11:00,3,3.4,8,7,10.85,1.08,12.23,1
858,2,2025-06-23 07:36:00,2025-06-23 08:12:00,2,4.18,6,9,13.58,0.0,13.88,3
859,1,2025-06-12 05:04:00,2025-06-12 05:23:00,4,6.79,14,5,20.4,2.04,22.74,2
860,1,2025-06-02 14:01:00,2025-06-02 14:56:00,1,0.2,12,15,3.12,0.0,3.42,2
861,1,2025-06-18 12:11:00,2025-06-18 12:32:00,2,1.1,9,14,6.11,0.0,6.41,2
862,1,2025-06-01 08:35:00,2025-06-01 09:02:00,1,0.7,5,2,4.82,0.48,5.6,1
863,2,2025-06-08 07:00:00,2025-06-08 07:30:00,1,0.27,13,1,3.34,0.5,4.14,4
864,1,2025-06-23 09:03:00,2025-06-23 09:35:00,1,0.2,12,7,3.12,0.31,3.73,3
865,2,2025-06-12 21:02:00,2025-06-12 21:36:00,4,5.21,12,6,18.52,3.7,22.52,1
866,1,2025-06-03 08:54:00,2025-06-03 09:37:00,1,4.09,13,11,14.65,2.2,17.15,2
867,1,2025-06-10 02:32:00,2025-06-10 03:14:00,3,2.26,9,12,7.77,0.0,8.07,3
868,1,2025-06-19 16:10:00,2025-06-19 17:02:00,1,5.78,8,14,21.73,3.26,25.29,1
869,2,2025-06-27 23:44:00,2025-06-28 00:38:00,3,2.4,3,7,8.02,0.8,9.12,1
870,1,2025-06-01 22:38:00,2025-06-01 22:41:00,2,4.71,11,4,18.08,3.62,22.0,1
871,1,2025-06-12 21:56:00,2025-06-12 22:42:00,1,3.6,5,3,13.09,2.62,16.01,1
872,2,2025-06-26 19:34:00,2025-06-26 19:43:00,4,2.66,7,13,8.4,1.68,10.38,2
873,2,2025-06-06 09:26:00,2025-06-06 09:42:00,2,2.89,5,12,11.85,1.19,13.34,1
874,1,2025-06-20 15:06:00,2025-06-20 15:21:00,2,1.87,12,11,7.96,0.8,9.06,1
875,1,2025-06-19 14:13:00,2025-06-19 15:05:00,1,4.26,8,15,13.21,2.64,16.15,2
876,2,2025-06-30 10:57:00,2025-06-30 11:28:00,4,4.58,3,14,13.05,1.96,15.31,2
877,1,2025-06-10 15:47:00,2025-06-10 16:34:00,1,1.56,2,9,7.05,0.0,7.35,1
878,1,2025-06-11 16:30:00,2025-06-11 17:02:00,1,4.67,11,13,17.86,3.57,21.73,1
879,1,2025-06-23 23:05:00,2025-06-23 23:46:00,3,0.2,15,9,3.1,0.0,3.4,1
880,1,2025-06-12 20:18:00,2025-06-12 20:30:00,1,7.14,15,8,22.52,2.25,25.07,1
881,2,2025-06-25 03:21:00,2025-06-25 03:50:00,4,3.86,8,14,11.2,0.0,11.5,1
882,2,2025-06-20 13:46:00,2025-06-20 14:06:00,3,4.01,10,14,15.67,1.57,17.54,1
883,2,2025-06-20 19:58:00,2025-06-20 20:10:00,1,0.49,9,14,4.03,0.0,4.33,1
884,1,2025-06-07 18:20:00,2025-06-07 18:25:00,4,9.41,8,5,25.8,0.0,26.1,2
885,2,2025-06-20 20:41:00,2025-06-20 20:50:00,2,8.01,12,9,20.51,2.05,22.86,2
886,1,2025-06-06 02:52:00,2025-06-06 03:40:00,1,3.06,6,2,12.42,0.0,12.72,1
887,1,2025-06-08 15:49:00,2025-06-08 16:38:00,3,1.53,4,10,7.5,1.5,9.3,4
888,2,2025-06-26 23:27:00,2025-06-26 23:40:00,4,3.11,4,13,10.9,0.0,11.2,1
889,1,2025-06-15 22:58:00,2025-06-15 23:01:00,1,1.93,10,15,7.03,0.7,8.03,1
890,2,2025-06-02 07:32:00,2025-06-02 07:39:00,3,8.99,8,11,27.24,4.09,31.63,3
891,1,2025-06-01 06:20:00,2025-06-01 06:43:00,1,6.21,12,12,23.25,2.33,25.88,4
892,1,2025-06-03 05:10:00,2025-06-03 06:03:00,3,2.62,13,1,10.29,1.03,11.62,2
893,1,2025-06-18 08:34:00,2025-06-18 08:41:00,1,2.14,2,1,9.69,1.45,11.44,2
894,2,2025-06-19 07:31:00,2025-06-19 07:51:00,2,3.98,2,5,14.35,0.0,14.65,3
895,2,2025-06-15 02:42:00,2025-06-15 03:27:00,2,1.62,9,4,6.25,0.62,7.17,2
896,2,2025-06-22 16:23:00,2025-06-22 16:42:00,1,2.0,2,13,8.25,1.24,9.79,2
897,1,2025-06-09 11:33:00,2025-06-09 12:02:00,2,2.57,11,4,9.74,1.46,11.5,2
898,1,2025-06-29 15:38:00,2025-06-29 16:21:00,2,2.52,8,7,9.63,0.96,10.89,1
899,1,2025-06-07 18:19:00,2025-06-07 18:29:00,3,2.49,5,10,8.72,1.31,10.33,1
900,2,2025-06-03 01:15:00,2025-06-03 01:49:00,4,1.57,7,2,6.16,0.92,7.38,3
901,2,2025-06-26 20:55:00,2025-06-26 21:49:00,1,3.17,1,2,9.79,1.96,12.05,4
902,2,2025-06-09 07:01:00,2025-06-09 07:56:00,1,4.81,7,15,15.35,0.0,15.65,2
903,1,2025-06-21 16:58:00,2025-06-21 17:48:00,4,1.79,4,3,7.01,0.0,7.31,2
904,2,2025-06-12 19:14:00,2025-06-12 19:59:00,1,0.62,1,1,3.94,0.79,5.03,1
905,2,2025-06-08 19:34:00,2025-06-08 20:17:00,3,0.2,12,8,3.15,0.63,4.08,4
906,1,2025-06-29 01:38:00,2025-06-29 02:03:00,1,3.66,13,5,13.59,2.04,15.93,1
907,1,2025-06-01 15:09:00,2025-06-01 15:23:00,4,3.49,4,8,14.24,0.0,14.54,1
908,2,2025-06-20 19:59:00,2025-06-20 20:54:00,2,3.44,4,2,12.65,2.53,15.48,1
909,1,2025-06-22 13:43:00,2025-06-22 14:12:00,2,4.45,8,8,13.1,1.96,15.36,2
910,1,2025-06-12 01:00:00,2025-06-12 01:14:00,1,3.37,1,6,11.11,1.67,13.08,3
911,2,2025-06-20 15:37:00,2025-06-20 16:05:00,2,5.19,5,1,17.63,3.53,21.46,2
912,1,2025-06-24 08:43:00,2025-06-24 09:22:00,3,0.41,4,12,3.76,0.56,4.62,1
913,1,2025-06-20 04:56:00,2025-06-20 05:34:00,2,2.89,15,8,11.95,1.79,14.04,2
914,2,2025-06-30 09:48:00,2025-06-30 10:12:00,4,3.9,1,3,13.18,1.98,15.46,1
915,2,2025-06-22 08:32:00,2025-06-22 08:56:00,1,0.89,15,10,5.09,0.51,5.9,1
916,1,2025-06-18 18:23:00,2025-06-18 18:51:00,3,4.15,13,8,15.78,1.58,17.66,1
917,2,2025-06-13 20:31:00,2025-06-13 21:17:00,1,3.19,3,10,10.01,0.0,10.31,4
918,1,2025-06-19 22:21:00,2025-06-19 22:54:00,1,0.2,9,1,3.01,0.0,3.31,1
919,2,2025-06-17 05:59:00,2025-06-17 06:44:00,2,5.34,13,2,19.98,0.0,20.28,1
920,2,2025-06-29 02:32:00,2025-06-29 02:48:00,1,6.51,8,5,17.76,0.0,18.06,4
921,1,2025-06-03 02:58:00,2025-06-03 03:49:00,4,4.39,10,11,12.95,2.59,15.84,1
922,1,2025-06-20 22:13:00,2025-06-20 23:06:00,3,2.05,2,13,8.13,0.0,8.43,1
923,2,2025-06-24 02:06:00,2025-06-24 02:14:00,4,3.72,3,12,11.6,1.16,13.06,2
924,2,2025-06-24 00:34:00,2025-06-24 01:07:00,1,4.11,3,11,15.15,0.0,15.45,4
925,2,2025-06-07 06:29:00,2025-06-07 06:38:00,1,4.51,4,14,14.67,0.0,14.97,1
926,2,2025-06-23 23:37:00,2025-06-23 23:49:00,1,1.36,12,13,5.63,0.56,6.49,3
927,2,2025-06-12 04:05:00,2025-06-12 04:16:00,2,3.25,13,7,12.72,0.0,13.02,2
928,1,2025-06-24 11:46:00,2025-06-24 12:38:00,4,0.62,8,3,4.37,0.0,4.67,4
929,2,2025-06-24 13:04:00,2025-06-24 13:10:00,1,4.77,7,1,18.61,0.0,18.91,3
930,2,2025-06-30 04:39:00,2025-06-30 04:50:00,2,4.13,11,12,16.06,0.0,16.36,2
931,1,2025-06-26 04:41:00,2025-06-26 05:02:00,4,2.88,15,9,10.03,1.0,11.33,2
932,2,2025-06-21 07:21:00,2025-06-21 08:04:00,4,1.41,10,13,5.95,1.19,7.44,1
933,1,2025-06-30 12:36:00,2025-06-30 13:03:00,3,3.89,6,7,11.45,2.29,14.04,2
934,2,2025-06-13 22:07:00,2025-06-13 22:22:00,4,0.2,5,9,3.0,0.6,3.9,1
935,1,2025-06-02 01:34:00,2025-06-02 01:37:00,4,5.22,12,7,15.6,1.56,17.46,1
936,1,2025-06-17 23:23:00,2025-06-17 23:41:00,2,1.54,2,1,7.05,0.71,8.06,1
937,1,2025-06-27 01:15:00,2025-06-27 02:04:00,1,5.11,10,12,15.19,3.04,18.53,1
938,2,2025-06-13 22:47:00,2025-06-13 23:31:00,3,3.26,11,3,12.74,2.55,15.59,3
939,1,2025-06-12 06:28:00,2025-06-12 06:36:00,4,1.9,8,2,8.56,0.86,9.72,2
940,2,2025-06-19 18:04:00,2025-06-19 18:11:00,1,5.65,15,3,15.56,2.33,18.19,2
941,2,2025-06-04 13:16:00,2025-06-04 13:41:00,4,2.25,14,5,8.96,1.34,10.6,2
942,1,2025-06-21 00:41:00,2025-06-21 01:27:00,1,1.29,12,7,6.78,1.02,8.1,2
943,1,2025-06-06 18:51:00,2025-06-06 19:24:00,2,2.93,2,12,11.42,2.28,14.0,2
944,1,2025-06-02 11:36:00,2025-06-02 12:25:00,3,2.13,6,15,7.59,1.52,9.41,4
945,2,2025-06-19 14:19:00,2025-06-19 14:28:00,1,5.18,2,6,14.15,0.0,14.45,1
946,2,2025-06-14 09:06:00,2025-06-14 09:39:00,1,5.08,3,13,13.85,0.0,14.15,1
947,1,2025-06-13 21:38:00,2025-06-13 21:53:00,2,4.61,6,2,12.65,2.53,15.48,2
948,2,2025-06-27 01:56:00,2025-06-27 02:17:00,4,6.35,13,7,20.78,2.08,23.16,4
949,1,2025-06-28 13:35:00,2025-06-28 13:45:00,4,3.39,11,8,11.83,1.77,13.9,1
950,1,2025-06-05 01:33:00,2025-06-05 02:26:00,2,0.72,7,7,4.62,0.92,5.84,1
951,1,2025-06-25 14:54:00,2025-06-25 14:58:00,3,7.46,14,3,25.5,0.0,25.8,3
952,1,2025-06-15 01:20:00,2025-06-15 01:57:00,3,2.05,2,4,8.6,1.72,10.62,2
953,2,2025-06-09 14:52:00,2025-06-09 15:42:00,1,0.2,3,1,3.0,0.6,3.9,1
954,2,2025-06-27 09:01:00,2025-06-27 09:31:00,3,3.88,10,6,11.43,2.29,14.02,1
955,2,2025-06-23 08:49:00,2025-06-23 08:52:00,1,2.49,6,7,8.05,1.61,9.96,1
956,1,2025-06-05 12:29:00,2025-06-05 13:05:00,1,4.32,3,5,12.88,0.0,13.18,1
957,2,2025-06-19 12:51:00,2025-06-19 13:36:00,2,4.61,12,1,14.44,0.0,14.74,1
958,1,2025-06-15 13:34:00,2025-06-15 13:45:00,1,5.73,5,7,17.94,1.79,20.03,1
959,2,2025-06-11 21:43:00,2025-06-11 22:33:00,1,1.94,7,2,7.95,1.59,9.84,1
960,1,2025-06-22 03:42:00,2025-06-22 04:19:00,1,2.32,1,7,8.74,1.31,10.35,1
961,2,2025-06-26 05:11:00,2025-06-26 05:50:00,2,2.48,5,10,9.61,0.0,9.91,1
962,1,2025-06-29 22:27:00,2025-06-29 23:01:00,1,1.79,6,9,6.88,0.0,7.18,2
963,1,2025-06-20 06:51:00,2025-06-20 07:28:00,1,3.11,5,11,11.08,2.22,13.6,1
964,1,2025-06-22 22:40:00,2025-06-22 22:59:00,3,3.23,6,14,11.92,1.79,14.01,4
965,1,2025-06-24 05:24:00,2025-06-24 05:44:00,1,6.5,2,7,21.19,2.12,23.61,3
966,2,2025-06-26 07:49:00,2025-06-26 08:08:00,4,4.17,10,9,16.07,0.0,16.37,1
967,2,2025-06-29 21:46:00,2025-06-29 22:04:00,3,6.47,6,4,18.85,1.89,21.04,1
968,1,2025-06-01 17:20:00,2025-06-01 18:06:00,1,2.78,10,8,9.06,0.0,9.36,3
969,1,2025-06-08 21:32:00,2025-06-08 22:00:00,3,0.2,9,2,3.06,0.46,3.82,1
970,2,2025-06-21 06:15:00,2025-06-21 07:00:00,2,2.09,14,10,7.41,1.11,8.82,1
971,2,2025-06-01 09:12:00,2025-06-01 09:21:00,4,0.2,12,1,3.05,0.0,3.35,3
972,1,2025-06-17 06:50:00,2025-06-17 07:04:00,1,4.34,11,5,12.52,2.5,15.32,2
973,2,2025-06-17 12:29:00,2025-06-17 12:33:00,1,2.33,1,4,9.6,0.0,9.9,4
974,1,2025-06-13 14:56:00,2025-06-13 15:34:00,1,7.67,9,4,23.98,0.0,24.28,2
975,2,2025-06-06 20:04:00,2025-06-06 20:53:00,1,4.69,15,9,16.03,0.0,16.33,4
976,2,2025-06-02 01:15:00,2025-06-02 02:01:00,1,3.85,5,11,14.1,2.82,17.22,2
977,2,2025-06-30 04:06:00,2025-06-30 04:51:00,1,3.84,14,7,15.27,2.29,17.86,3
978,1,2025-06-24 14:06:00,2025-06-24 14:37:00,1,2.96,13,1,10.77,2.15,13.22,1
979,1,2025-06-20 02:49:00,2025-06-20 03:25:00,4,3.0,15,10,9.8,0.0,10.1,1
980,2,2025-06-20 06:55:00,2025-06-20 07:01:00,1,3.27,3,6,13.29,0.0,13.59,3
981,1,2025-06-29 10:59:00,2025-06-29 11:07:00,1,5.4,14,5,14.54,1.45,16.29,2
982,1,2025-06-11 20:21:00,2025-06-11 20:44:00,1,3.59,9,13,13.98,1.4,15.68,4
983,1,2025-06-28 07:19:00,2025-06-28 08:00:00,2,2.33,2,1,8.87,0.0,9.17,1
984,2,2025-06-03 23:01:00,2025-06-03 23:53:00,1,3.55,1,5,10.85,1.63,12.78,1
985,1,2025-06-03 12:56:00,2025-06-03 13:33:00,3,7.07,13,7,21.46,4.29,26.05,4
986,1,2025-06-29 09:34:00,2025-06-29 09:36:00,1,4.52,13,7,14.9,2.23,17.43,3
987,1,2025-06-02 04:22:00,2025-06-02 04:53:00,3,0.42,10,12,3.48,0.0,3.78,4
988,2,2025-06-09 19:28:00,2025-06-09 20:06:00,2,2.9,5,6,9.32,1.86,11.48,3
989,2,2025-06-29 06:08:00,2025-06-29 06:38:00,3,3.65,5,10,10.72,0.0,11.02,3
990,1,2025-06-17 06:45:00,2025-06-17 07:06:00,2,4.25,13,3,14.83,2.97,18.1,1
991,1,2025-06-28 10:59:00,2025-06-28 11:22:00,2,1.78,1,4,7.52,0.0,7.82,1
992,2,2025-06-09 21:26:00,2025-06-09 21:40:00,1,8.58,13,2,27.97,0.0,28.27,3
993,2,2025-06-22 15:37:00,2025-06-22 16:23:00,2,2.36,10,6,9.65,1.93,11.88,1
994,1,2025-06-08 09:15:00,2025-06-08 09:23:00,4,1.0,8,4,5.25,0.0,5.55,1
995,2,2025-06-11 11:31:00,2025-06-11 12:02:00,1,2.1,13,12,8.97,0.9,10.17,2
996,2,2025-06-09 09:14:00,2025-06-09 10:08:00,1,2.11,1,2,9.65,0.97,10.92,2
997,1,2025-06-06 05:49:00,2025-06-06 06:00:00,1,2.85,1,1,10.77,1.08,12.15,1
998,1,2025-06-08 22:12:00,2025-06-08 22:28:00,1,4.54,6,14,17.31,0.0,17.61,1
999,1,2025-06-01 23:28:00,2025-06-01 23:41:00,1,5.74,7,11,15.27,0.0,15.57,1
1000,2,2025-06-14 21:13:00,2025-06-14 21:44:00,4,0.2,11,3,3.0,0.3,3.6,1
1001,2,2025-06-06 09:25:00,2025-06-06 09:36:00,1,4.02,7,12,12.26,2.45,15.01,2
1002,1,2025-06-20 13:10:00,2025-06-20 13:52:00,3,2.45,13,10,8.61,0.0,8.91,1
1003,2,2025-06-07 18:16:00,2025-06-07 18:38:00,1,3.25,14,9,10.74,0.0,11.04,3
1004,2,2025-06-04 16:55:00,2025-06-04 17:47:00,4,6.16,2,3,19.53,3.91,23.74,4
1005,2,2025-06-24 04:08:00,2025-06-24 04:33:00,4,0.85,9,12,4.7,0.47,5.47,2
1006,1,2025-06-22 13:28:00,2025-06-22 13:47:00,1,3.22,11,1,11.83,2.37,14.5,1
1007,2,2025-06-21 13:47:00,2025-06-21 14:04:00,1,1.78,3,15,8.31,1.66,10.27,2
1008,2,2025-06-04 20:34:00,2025-06-04 20:44:00,1,4.29,8,9,15.81,1.58,17.69,2
1009,2,2025-06-02 20:56:00,2025-06-02 21:27:00,1,1.3,7,6,6.06,0.91,7.27,1
1010,1,2025-06-18 09:39:00,2025-06-18 09:42:00,1,3.05,5,11,9.87,0.0,10.17,1
1011,1,2025-06-14 09:41:00,2025-06-14 10:36:00,1,0.56,15,4,3.78,0.38,4.46,1
1012,2,2025-06-17 09:28:00,2025-06-17 09:32:00,1,3.17,4,11,11.55,1.16,13.01,1
1013,1,2025-06-13 11:47:00,2025-06-13 12:01:00,1,1.16,15,5,6.44,1.29,8.03,1
1014,1,2025-06-16 18:36:00,2025-06-16 19:28:00,2,0.2,14,10,3.18,0.48,3.96,3
1015,2,2025-06-24 07:56:00,2025-06-24 08:46:00,4,7.21,8,4,20.33,0.0,20.63,4
1016,2,2025-06-21 23:58:00,2025-06-22 00:21:00,4,1.94,14,4,8.61,0.86,9.77,2
1017,2,2025-06-10 12:55:00,2025-06-10 13:25:00,4,0.65,14,3,4.22,0.84,5.36,1
1018,2,2025-06-23 17:54:00,2025-06-23 18:47:00,2,4.03,6,4,14.55,1.46,16.31,3
1019,1,2025-06-19 08:35:00,2025-06-19 09:25:00,1,3.67,10,13,12.01,0.0,12.31,1
1020,2,2025-06-16 00:43:00,2025-06-16 01:21:00,2,0.63,15,10,4.36,0.87,5.53,1
1021,2,2025-06-18 18:40:00,2025-06-18 18:46:00,1,1.88,8,11,6.88,1.38,8.56,1
1022,2,2025-06-05 17:56:00,2025-06-05 18:41:00,1,2.91,14,12,10.83,0.0,11.13,1
1023,1,2025-06-10 01:21:00,2025-06-10 01:27:00,2,4.96,11,9,14.64,1.46,16.4,1
1024,2,2025-06-17 18:39:00,2025-06-17 19:14:00,2,2.1,14,15,7.15,0.72,8.17,1
1025,1,2025-06-06 00:57:00,2025-06-06 01:07:00,1,0.87,3,14,4.49,0.0,4.79,2
1026,2,2025-06-22 14:35:00,2025-06-22 14:47:00,1,2.66,10,4,10.28,1.03,11.61,1
1027,2,2025-06-01 08:07:00,2025-06-01 08:18:00,2,0.2,9,6,3.09,0.0,3.39,2
1028,2,2025-06-27 05:17:00,2025-06-27 05:21:00,1,4.51,11,15,16.41,1.64,18.35,3
1029,2,2025-06-14 12:53:00,2025-06-14 13:20:00,2,0.3,3,15,3.22,0.0,3.52,2
1030,1,2025-06-30 23:53:00,2025-07-01 00:06:00,1,0.7,7,12,4.63,0.0,4.93,4
1031,1,2025-06-08 04:30:00,2025-06-08 04:49:00,2,5.13,12,12,17.89,0.0,18.19,2
1032,2,2025-06-26 03:49:00,2025-06-26 03:58:00,2,1.44,13,2,7.39,0.0,7.69,2
1033,2,2025-06-08 12:02:00,2025-06-08 12:20:00,1,3.37,7,6,10.02,1.5,11.82,2
1034,2,2025-06-02 17:15:00,2025-06-02 17:17:00,2,3.81,6,11,12.03,0.0,12.33,2
1035,2,2025-06-04 02:31:00,2025-06-04 02:38:00,1,1.71,8,14,8.21,0.0,8.51,1
1036,2,2025-06-01 19:43:00,2025-06-01 20:23:00,1,2.73,2,9,8.84,0.88,10.02,1
1037,1,2025-06-01 12:14:00,2025-06-01 12:59:00,2,2.87,15,11,9.43,0.0,9.73,3
1038,1,2025-06-03 04:09:00,2025-06-03 05:04:00,2,5.44,11,11,18.61,3.72,22.63,3
1039,2,2025-06-15 00:46:00,2025-06-15 01:16:00,1,3.39,15,4,13.1,0.0,13.4,1
1040,1,2025-06-05 03:49:00,2025-06-05 03:52:00,4,3.27,6,14,11.35,0.0,11.65,3
1041,1,2025-06-03 21:00:00,2025-06-03 21:16:00,2,4.11,12,3,15.66,0.0,15.96,2
1042,1,2025-06-05 21:37:00,2025-06-05 22:31:00,3,2.96,11,4,10.17,2.03,12.5,2
1043,2,2025-06-20 11:21:00,2025-06-20 11:30:00,1,3.31,7,11,11.07,0.0,11.37,2
1044,2,2025-06-10 16:23:00,2025-06-10 16:54:00,1,4.19,11,10,12.82,1.28,14.4,1
1045,1,2025-06-10 22:43:00,2025-06-10 23:11:00,1,2.3,12,9,10.27,0.0,10.57,1
1046,1,2025-06-28 07:12:00,2025-06-28 07:34:00,1,5.89,11,15,22.39,3.36,26.05,1
1047,1,2025-06-29 21:58:00,2025-06-29 22:48:00,3,4.57,2,6,17.22,2.58,20.1,2
1048,1,2025-06-21 10:19:00,2025-06-21 10:45:00,1,1.98,9,10,8.07,0.0,8.37,1
1049,1,2025-06-29 01:13:00,2025-06-29 02:03:00,1,4.64,10,2,16.82,0.0,17.12,1
1050,1,2025-06-23 16:44:00,2025-06-23 17:04:00,1,2.11,4,11,7.65,1.15,9.1,3
1051,2,2025-06-28 05:15:00,2025-06-28 05:45:00,4,3.07,9,13,10.28,0.0,10.58,4
1052,1,2025-06-14 03:04:00,2025-06-14 03:54:00,3,1.33,6,4,5.46,0.55,6.31,1
1053,1,2025-06-12 07:15:00,2025-06-12 08:08:00,2,1.92,9,6,8.12,1.22,9.64,3
1054,1,2025-06-01 06:36:00,2025-06-01 06:42:00,1,0.2,4,1,3.15,0.0,3.45,1
1055,2,2025-06-05 04:13:00,2025-06-05 04:26:00,4,0.2,9,2,3.16,0.0,3.46,2
1056,1,2025-06-15 04:12:00,2025-06-15 04:24:00,1,1.02,7,3,5.63,0.0,5.93,1
1057,2,2025-06-27 05:36:00,2025-06-27 06:06:00,2,4.58,2,6,17.32,2.6,20.22,1
1058,1,2025-06-22 10:08:00,2025-06-22 10:38:00,2,2.92,12,7,10.41,2.08,12.79,1
1059,1,2025-06-18 08:36:00,2025-06-18 09:05:00,1,5.35,9,3,20.19,4.04,24.53,2
1060,2,2025-06-22 02:25:00,2025-06-22 02:46:00,1,0.39,9,10,3.57,0.54,4.41,1
1061,2,2025-06-07 05:15:00,2025-06-07 06:02:00,2,2.01,14,9,7.38,0.0,7.68,2
1062,2,2025-06-19 22:11:00,2025-06-19 22:38:00,4,3.43,7,8,14.04,1.4,15.74,2
1063,2,2025-06-04 05:48:00,2025-06-04 06:16:00,1,8.13,3,4,21.6,4.32,26.22,4
1064,2,2025-06-16 20:44:00,2025-06-16 21:18:00,2,0.2,12,1,3.11,0.31,3.72,3
1065,1,2025-06-12 05:33:00,2025-06-12 05:50:00,1,0.2,12,11,3.03,0.0,3.33,2
1066,1,2025-06-21 17:29:00,2025-06-21 18:14:00,1,3.86,10,10,11.67,0.0,11.97,1
1067,1,2025-06-05 04:49:00,2025-06-05 05:32:00,2,2.71,9,15,10.76,0.0,11.06,1
1068,2,2025-06-20 10:15:00,2025-06-20 10:33:00,3,1.19,9,11,6.11,1.22,7.63,1
1069,2,2025-06-19 17:35:00,2025-06-19 18:25:00,1,5.62,13,13,15.46,3.09,18.85,1
1070,2,2025-06-10 12:51:00,2025-06-10 13:40:00,1,0.83,1,3,4.72,0.47,5.49,1
1071,2,2025-06-04 04:17:00,2025-06-04 05:08:00,1,2.35,3,3,9.52,1.43,11.25,3
1072,1,2025-06-07 02:43:00,2025-06-07 02:57:00,1,0.78,2,8,4.67,0.93,5.9,1
1073,1,2025-06-03 16:25:00,2025-06-03 17:14:00,4,4.65,8,11,14.18,2.13,16.61,1
1074,2,2025-06-04 15:10:00,2025-06-04 15:30:00,1,6.43,5,2,17.31,0.0,17.61,2
1075,1,2025-06-11 16:26:00,2025-06-11 16:58:00,1,0.2,13,1,3.0,0.3,3.6,1
1076,2,2025-06-24 18:31:00,2025-06-24 19:23:00,2,3.53,9,13,10.3,2.06,12.66,2
1077,2,2025-06-16 08:07:00,2025-06-16 08:47:00,4,1.37,14,4,6.98,0.7,7.98,2
1078,1,2025-06-18 05:21:00,2025-06-18 06:02:00,1,4.07,14,6,11.73,1.17,13.2,2
1079,2,2025-06-19 06:52:00,2025-06-19 07:40:00,4,5.64,14,9,15.08,0.0,15.38,4
1080,1,2025-06-12 07:28:00,2025-06-12 07:53:00,1,0.2,9,7,3.05,0.46,3.81,3
1081,1,2025-06-15 15:54:00,2025-06-15 15:57:00,3,0.35,11,8,3.68,0.37,4.35,2
1082,2,2025-06-19 05:05:00,2025-06-19 05:54:00,4,0.2,6,7,3.09,0.0,3.39,4
1083,1,2025-06-05 13:43:00,2025-06-05 14:31:00,1,1.05,15,10,5.71,1.14,7.15,2
1084,1,2025-06-04 23:07:00,2025-06-04 23:28:00,2,5.1,14,8,18.81,3.76,22.87,1
1085,1,2025-06-22 22:39:00,2025-06-22 23:23:00,1,1.68,2,7,6.54,0.0,6.84,1
1086,1,2025-06-18 10:52:00,2025-06-18 11:43:00,4,2.8,11,8,9.6,0.96,10.86,1
1087,1,2025-06-25 07:51:00,2025-06-25 08:33:00,4,3.06,15,10,11.77,0.0,12.07,1
1088,2,2025-06-18 03:47:00,2025-06-18 04:34:00,1,2.3,11,11,9.61,1.44,11.35,1
1089,1,2025-06-12 18:59:00,2025-06-12 19:08:00,3,2.94,15,4,10.17,2.03,12.5,1
1090,2,2025-06-06 19:10:00,2025-06-06 19:32:00,1,4.19,12,1,16.52,3.3,20.12,2
1091,1,2025-06-25 09:01:00,2025-06-25 09:15:00,3,6.56,13,11,19.45,1.95,21.7,3
1092,2,2025-06-28 09:07:00,2025-06-28 09:46:00,1,0.2,1,9,3.0,0.45,3.75,1
1093,1,2025-06-14 12:12:00,2025-06-14 13:07:00,3,3.82,3,12,11.58,1.16,13.04,1
1094,2,2025-06-15 01:23:00,2025-06-15 01:57:00,4,6.31,5,14,23.88,0.0,24.18,4
1095,1,2025-06-10 19:36:00,2025-06-10 20:09:00,4,1.79,3,14,6.56,0.66,7.52,4
1096,2,2025-06-11 05:50:00,2025-06-11 06:36:00,1,8.49,14,8,28.67,0.0,28.97,4
1097,2,2025-06-08 05:52:00,2025-06-08 05:55:00,1,1.38,13,7,6.66,0.67,7.63,2
1098,2,2025-06-13 21:09:00,2025-06-13 21:29:00,1,2.63,12,14,10.48,0.0,10.78,1
1099,1,2025-06-15 17:15:00,2025-06-15 18:05:00,3,4.28,8,11,12.19,1.22,13.71,1
1100,1,2025-06-21 02:39:00,2025-06-21 03:25:00,4,0.2,4,4,3.06,0.0,3.36,3
1101,1,2025-06-01 09:58:00,2025-06-01 10:23:00,1,2.79,7,7,10.91,0.0,11.21,1
1102,2,2025-06-17 04:23:00,2025-06-17 04:55:00,3,0.48,2,9,3.66,0.0,3.96,2
1103,1,2025-06-07 18:16:00,2025-06-07 18:58:00,4,2.93,8,5,9.36,1.4,11.06,3
1104,2,2025-06-18 02:00:00,2025-06-18 02:51:00,1,1.65,13,8,7.5,0.0,7.8,3
1105,1,2025-06-30 17:27:00,2025-06-30 17:57:00,1,2.49,11,11,8.22,1.23,9.75,2
1106,1,2025-06-27 01:50:00,2025-06-27 02:28:00,2,3.99,13,10,13.57,0.0,13.87,2
1107,1,2025-06-30 08:04:00,2025-06-30 08:50:00,2,0.7,12,15,4.12,0.0,4.42,4
1108,2,2025-06-01 21:34:00,2025-06-01 22:01:00,1,4.31,13,13,14.86,2.97,18.13,2
1109,1,2025-06-27 14:40:00,2025-06-27 15:16:00,1,2.36,11,15,8.04,0.0,8.34,4
1110,2,2025-06-28 06:22:00,2025-06-28 07:08:00,1,0.2,8,13,3.0,0.6,3.9,1
1111,2,2025-06-06 20:42:00,2025-06-06 21:20:00,1,3.54,2,2,12.68,0.0,12.98,2
1112,1,2025-06-08 19:26:00,2025-06-08 19:55:00,3,4.4,4,5,17.34,0.0,17.64,4
1113,2,2025-06-14 08:28:00,2025-06-14 09:12:00,3,2.07,9,15,8.27,0.83,9.4,2
1114,1,2025-06-24 05:42:00,2025-06-24 05:57:00,1,2.95,4,1,11.43,0.0,11.73,1
1115,2,2025-06-10 19:04:00,2025-06-10 19:14:00,1,2.03,12,10,7.84,0.0,8.14,2
1116,1,2025-06-12 14:29:00,2025-06-12 14:47:00,1,2.32,7,8,8.67,0.0,8.97,3
1117,1,2025-06-20 08:35:00,2025-06-20 09:21:00,4,4.08,11,12,14.56,1.46,16.32,1
1118,2,2025-06-26 15:38:00,2025-06-26 16:22:00,1,4.31,10,3,15.33,3.07,18.7,1
1119,2,2025-06-20 17:38:00,2025-06-20 18:04:00,1,6.02,9,2,16.3,0.0,16.6,1
1120,1,2025-06-30 03:14:00,2025-06-30 03:21:00,1,3.66,13,5,12.15,1.22,13.67,1
1121,1,2025-06-01 10:46:00,2025-06-01 10:54:00,1,0.2,13,15,3.03,0.0,3.33,2
1122,2,2025-06-14 22:50:00,2025-06-14 23:29:00,4,7.06,2,9,24.99,3.75,29.04,2
1123,1,2025-06-13 20:00:00,2025-06-13 20:37:00,1,3.07,13,7,9.43,0.94,10.67,4
1124,1,2025-06-25 04:44:00,2025-06-25 05:21:00,1,4.15,8,10,14.59,2.19,17.08,1
1125,2,2025-06-24 08:57:00,2025-06-24 09:44:00,4,3.81,1,15,12.61,1.26,14.17,4
1126,2,2025-06-12 08:05:00,2025-06-12 08:50:00,2,4.1,3,8,14.51,2.18,16.99,2
1127,1,2025-06-14 01:17:00,2025-06-14 01:36:00,1,5.63,5,11,19.74,0.0,20.04,2
1128,1,2025-06-15 05:35:00,2025-06-15 05:42:00,1,2.45,12,4,9.76,0.0,10.06,2
1129,1,2025-06-03 14:42:00,2025-06-03 14:49:00,2,3.09,7,11,11.13,0.0,11.43,2
1130,2,2025-06-24 10:31:00,2025-06-24 11:16:00,1,0.53,12,2,4.3,0.86,5.46,2
1131,1,2025-06-09 15:43:00,2025-06-09 16:38:00,3,3.11,4,12,11.96,1.2,13.46,2
1132,1,2025-06-08 16:04:00,2025-06-08 16:49:00,1,0.2,15,4,3.16,0.63,4.09,1
1133,2,2025-06-07 01:37:00,2025-06-07 02:11:00,4,2.79,6,2,10.3,0.0,10.6,1
1134,2,2025-06-25 12:51:00,2025-06-25 13:42:00,1,3.74,5,8,14.58,1.46,16.34,1
1135,1,2025-06-01 02:26:00,2025-06-01 03:15:00,2,1.77,14,15,8.35,1.67,10.32,2
1136,2,2025-06-23 05:19:00,2025-06-23 05:24:00,1,1.66,8,6,6.86,1.37,8.53,1
1137,1,2025-06-01 05:37:00,2025-06-01 06:01:00,1,4.24,7,8,13.63,0.0,13.93,2
1138,2,2025-06-24 09:46:00,2025-06-24 09:57:00,1,2.34,1,3,8.8,1.32,10.42,2
1139,2,2025-06-18 23:50:00,2025-06-19 00:15:00,1,2.52,2,8,8.59,0.86,9.75,1
1140,1,2025-06-17 02:22:00,2025-06-17 03:11:00,1,5.32,15,14,16.97,1.7,18.97,1
1141,1,2025-06-13 23:11:00,2025-06-13 23:15:00,2,4.67,3,11,14.63,0.0,14.93,3
1142,1,2025-06-13 02:19:00,2025-06-13 02:28:00,1,4.83,8,13,15.57,3.11,18.98,4
1143,1,2025-06-19 04:46:00,2025-06-19 05:20:00,1,2.68,2,2,11.05,0.0,11.35,1
1144,2,2025-06-16 15:52:00,2025-06-16 16:26:00,2,0.2,1,11,3.0,0.0,3.3,2
1145,1,2025-06-01 08:46:00,2025-06-01 09:15:00,4,1.5,4,10,5.95,0.89,7.14,2
1146,1,2025-06-09 12:06:00,2025-06-09 12:23:00,4,3.41,14,5,11.15,0.0,11.45,4
1147,1,2025-06-20 12:45:00,2025-06-20 12:59:00,3,0.2,10,3,3.0,0.6,3.9,3
1148,2,2025-06-29 21:01:00,2025-06-29 21:12:00,1,3.8,7,1,11.91,0.0,12.21,1
1149,1,2025-06-20 09:38:00,2025-06-20 09:41:00,1,2.52,9,5,8.2,1.23,9.73,1
1150,2,2025-06-20 09:23:00,2025-06-20 09:55:00,1,2.59,11,1,8.39,1.26,9.95,1
1151,1,2025-06-17 13:07:00,2025-06-17 13:26:00,1,6.3,3,1,18.23,0.0,18.53,3
1152,1,2025-06-15 15:18:00,2025-06-15 15:33:00,2,2.04,15,10,7.69,0.77,8.76,1
1153,1,2025-06-12 11:32:00,2025-06-12 12:05:00,1,2.03,11,9,7.2,0.0,7.5,1
1154,1,2025-06-17 10:43:00,2025-06-17 11:32:00,4,4.55,10,6,16.76,3.35,20.41,1
1155,1,2025-06-10 13:24:00,2025-06-10 14:03:00,1,0.2,2,1,3.0,0.6,3.9,3
1156,2,2025-06-21 06:53:00,2025-06-21 07:01:00,4,6.12,10,6,16.51,3.3,20.11,2
1157,2,2025-06-10 04:38:00,2025-06-10 05:14:00,1,3.09,12,5,10.01,2.0,12.31,2
1158,2,2025-06-29 15:58:00,2025-06-29 16:45:00,3,2.58,2,8,8.54,1.28,10.12,2
1159,1,2025-06-01 23:53:00,2025-06-02 00:05:00,4,0.57,10,1,3.84,0.0,4.14,4
1160,2,2025-06-19 02:10:00,2025-06-19 02:43:00,3,1.31,2,3,6.46,1.29,8.05,2
1161,1,2025-06-26 14:23:00,2025-06-26 15:14:00,3,0.99,3,10,4.92,0.0,5.22,3
1162,2,2025-06-01 09:40:00,2025-06-01 10:32:00,1,5.03,12,12,16.66,3.33,20.29,4
1163,2,2025-06-11 00:39:00,2025-06-11 00:59:00,1,2.51,9,4,8.54,0.0,8.84,3
1164,1,2025-06-07 17:48:00,2025-06-07 18:07:00,4,0.63,14,13,4.59,0.46,5.35,1
1165,2,2025-06-10 13:20:00,2025-06-10 13:56:00,4,5.46,6,2,18.66,1.87,20.83,1
1166,1,2025-06-19 14:01:00,2025-06-19 14:42:00,1,5.23,11,14,15.86,0.0,16.16,1
1167,2,2025-06-13 17:29:00,2025-06-13 17:42:00,4,3.19,2,12,12.03,2.41,14.74,1
1168,1,2025-06-29 12:00:00,2025-06-29 12:42:00,1,3.57,14,8,12.94,0.0,13.24,1
1169,2,2025-06-10 06:44:00,2025-06-10 07:23:00,1,0.35,4,12,3.44,0.52,4.26,1
1170,1,2025-06-22 19:12:00,2025-06-22 19:19:00,1,0.2,3,14,3.06,0.46,3.82,2
1171,1,2025-06-23 07:46:00,2025-06-23 08:34:00,1,3.92,14,7,12.58,0.0,12.88,1
1172,1,2025-06-04 06:41:00,2025-06-04 07:10:00,4,4.75,2,12,14.35,2.15,16.8,4
1173,1,2025-06-01 12:52:00,2025-06-01 13:32:00,1,4.87,13,14,13.86,0.0,14.16,1
1174,1,2025-06-04 19:18:00,2025-06-04 19:37:00,1,4.41,1,13,12.96,2.59,15.85,2
1175,2,2025-06-16 09:36:00,2025-06-16 10:23:00,1,4.19,14,3,15.54,2.33,18.17,2
1176,1,2025-06-08 00:46:00,2025-06-08 01:03:00,1,3.79,11,9,11.09,1.11,12.5,4
1177,1,2025-06-03 00:38:00,2025-06-03 00:46:00,1,2.26,3,1,9.88,1.48,11.66,1
1178,2,2025-06-20 10:32:00,2025-06-20 10:58:00,4,2.93,4,15,9.46,0.95,10.71,3
1179,2,2025-06-06 02:46:00,2025-06-06 03:19:00,1,3.69,6,2,11.07,1.11,12.48,1
1180,2,2025-06-04 20:37:00,2025-06-04 20:41:00,3,4.09,7,9,14.46,0.0,14.76,1
1181,1,2025-06-20 08:28:00,2025-06-20 08:39:00,1,5.71,6,15,19.34,1.93,21.57,2
1182,1,2025-06-17 19:10:00,2025-06-17 19:28:00,4,1.21,13,1,6.34,0.0,6.64,1
1183,1,2025-06-15 13:48:00,2025-06-15 13:59:00,3,0.61,14,2,4.42,0.66,5.38,2
1184,2,2025-06-13 16:10:00,2025-06-13 16:21:00,1,5.33,3,13,14.8,0.0,15.1,1
1185,1,2025-06-23 11:48:00,2025-06-23 12:17:00,2,0.2,3,13,3.08,0.31,3.69,2
1186,1,2025-06-26 00:01:00,2025-06-26 00:34:00,2,3.86,9,9,13.49,2.02,15.81,1
1187,1,2025-06-27 10:34:00,2025-06-27 11:21:00,1,0.77,12,2,4.83,0.0,5.13,1
1188,1,2025-06-10 06:02:00,2025-06-10 06:05:00,1,4.5,3,15,14.36,2.15,16.81,1
1189,2,2025-06-17 10:09:00,2025-06-17 11:00:00,1,3.94,15,15,11.85,2.37,14.52,1
1190,1,2025-06-11 05:18:00,2025-06-11 05:23:00,2,1.61,12,12,7.49,0.0,7.79,3
1191,1,2025-06-02 04:46:00,2025-06-02 05:32:00,1,5.18,2,8,18.26,3.65,22.21,1
1192,2,2025-06-17 14:56:00,2025-06-17 15:07:00,1,2.76,1,10,8.83,0.0,9.13,4
1193,2,2025-06-09 07:15:00,2025-06-09 07:47:00,2,3.06,8,7,11.8,1.18,13.28,4
1194,1,2025-06-30 08:20:00,2025-06-30 09:06:00,3,0.2,3,1,3.0,0.0,3.3,4
1195,2,2025-06-08 21:35:00,2025-06-08 22:09:00,3,4.33,9,12,14.23,2.13,16.66,2
1196,2,2025-06-14 22:16:00,2025-06-14 23:03:00,1,4.98,5,2,14.81,0.0,15.11,3
1197,1,2025-06-10 15:24:00,2025-06-10 15:51:00,4,2.12,10,14,7.63,1.53,9.46,2
1198,1,2025-06-22 17:27:00,2025-06-22 17:49:00,1,2.2,14,7,9.06,1.36,10.72,4
1199,2,2025-06-17 21:45:00,2025-06-17 22:28:00,1,1.72,10,13,6.5,0.65,7.45,1
1200,1,2025-06-13 20:14:00,2025-06-13 20:26:00,1,3.96,4,10,13.79,0.0,14.09,1
1201,2,2025-06-26 02:35:00,2025-06-26 02:49:00,1,2.85,10,1,9.69,1.94,11.93,1
1202,2,2025-06-15 07:36:00,2025-06-15 07:43:00,2,2.79,6,13,11.8,0.0,12.1,2
1203,1,2025-06-09 20:51:00,2025-06-09 21:13:00,3,3.24,6,7,13.41,0.0,13.71,4
1204,1,2025-06-07 20:02:00,2025-06-07 20:05:00,1,0.2,8,10,3.08,0.46,3.84,1
1205,1,2025-06-07 21:31:00,2025-06-07 22:16:00,4,0.2,15,4,3.0,0.0,3.3,1
1206,2,2025-06-23 19:54:00,2025-06-23 20:29:00,2,4.2,11,9,16.74,3.35,20.39,4
1207,2,2025-06-06 23:18:00,2025-06-06 23:41:00,1,2.46,15,12,10.69,0.0,10.99,1
1208,2,2025-06-28 18:42:00,2025-06-28 19:22:00,1,6.04,10,11,16.33,0.0,16.63,4
1209,2,2025-06-01 16:19:00,2025-06-01 16:30:00,1,3.38,8,2,13.45,0.0,13.75,1
1210,1,2025-06-14 10:52:00,2025-06-14 11:04:00,1,1.4,6,6,5.69,1.14,7.13,1
1211,1,2025-06-21 23:15:00,2025-06-21 23:33:00,1,9.0,11,15,30.54,4.58,35.42,2
1212,1,2025-06-23 05:18:00,2025-06-23 05:22:00,2,2.69,7,7,9.59,0.96,10.85,1
1213,1,2025-06-24 07:45:00,2025-06-24 08:26:00,3,5.14,8,5,18.02,3.6,21.92,3
1214,1,2025-06-03 14:19:00,2025-06-03 15:08:00,1,2.6,1,3,10.69,2.14,13.13,2
1215,2,2025-06-08 04:48:00,2025-06-08 05:26:00,2,2.54,11,2,9.27,1.39,10.96,2
1216,1,2025-06-30 05:45:00,2025-06-30 06:21:00,4,3.68,2,2,14.57,2.19,17.06,1
1217,1,2025-06-19 01:34:00,2025-06-19 02:25:00,4,1.26,10,8,5.37,0.54,6.21,3
1218,2,2025-06-22 16:09:00,2025-06-22 16:18:00,1,4.07,9,3,12.81,0.0,13.11,3
1219,2,2025-06-10 17:09:00,2025-06-10 17:31:00,2,0.2,15,13,3.13,0.0,3.43,2
1220,2,2025-06-10 17:06:00,2025-06-10 17:11:00,1,0.61,13,11,4.0,0.0,4.3,1
1221,2,2025-06-29 22:20:00,2025-06-29 22:33:00,2,3.89,14,12,12.95,1.29,14.54,2
1222,1,2025-06-10 17:51:00,2025-06-10 18:35:00,2,3.6,14,1,14.28,0.0,14.58,1
1223,1,2025-06-14 12:17:00,2025-06-14 12:29:00,4,4.79,12,13,15.81,3.16,19.27,2
1224,1,2025-06-17 03:25:00,2025-06-17 04:11:00,1,7.95,9,13,25.43,0.0,25.73,3
1225,2,2025-06-27 07:51:00,2025-06-27 08:32:00,1,5.11,1,3,18.79,1.88,20.97,2
1226,1,2025-06-15 09:36:00,2025-06-15 09:45:00,2,5.65,5,9,20.3,3.04,23.64,4
1227,2,2025-06-06 17:19:00,2025-06-06 18:01:00,4,0.2,12,4,3.0,0.0,3.3,2
1228,1,2025-06-08 13:25:00,2025-06-08 14:05:00,1,4.94,4,4,15.61,1.56,17.47,4
1229,2,2025-06-17 13:21:00,2025-06-17 13:24:00,2,2.62,12,8,10.84,0.0,11.14,2
1230,2,2025-06-17 00:10:00,2025-06-17 00:34:00,1,4.9,9,13,18.15,2.72,21.17,1
1231,2,2025-06-21 21:09:00,2025-06-21 21:38:00,4,1.34,7,5,5.71,0.86,6.87,1
1232,1,2025-06-29 05:36:00,2025-06-29 05:44:00,3,5.11,2,11,19.85,0.0,20.15,2
1233,1,2025-06-05 17:14:00,2025-06-05 17:47:00,4,3.2,9,10,11.63,1.74,13.67,1
1234,1,2025-06-20 03:27:00,2025-06-20 03:42:00,1,0.26,9,7,3.14,0.47,3.91,4
1235,1,2025-06-22 08:54:00,2025-06-22 09:03:00,3,1.0,1,6,5.26,0.79,6.35,1
1236,1,2025-06-13 04:18:00,2025-06-13 05:02:00,2,6.21,11,4,18.13,2.72,21.15,1
1237,1,2025-06-01 16:57:00,2025-06-01 17:00:00,3,4.36,6,6,16.37,3.27,19.94,2
1238,2,2025-06-12 00:08:00,2025-06-12 00:45:00,1,4.87,10,11,18.9,0.0,19.2,4
1239,2,2025-06-27 07:10:00,2025-06-27 07:39:00,3,5.26,7,15,20.24,0.0,20.54,1
1240,2,2025-06-20 21:45:00,2025-06-20 22:01:00,4,5.36,9,2,14.93,0.0,15.23,1
1241,1,2025-06-26 03:55:00,2025-06-26 04:07:00,1,4.54,1,11,13.0,1.95,15.25,2
1242,1,2025-06-25 17:50:00,2025-06-25 17:57:00,2,2.75,12,12,10.44,0.0,10.74,3
1243,1,2025-06-29 17:46:00,2025-06-29 18:37:00,4,2.22,4,9,9.78,0.98,11.06,4
1244,1,2025-06-18 04:59:00,2025-06-18 05:50:00,4,4.41,5,2,13.58,0.0,13.88,1
1245,2,2025-06-30 01:17:00,2025-06-30 01:56:00,1,3.88,2,3,15.35,0.0,15.65,1
1246,1,2025-06-05 05:20:00,2025-06-05 05:26:00,2,2.44,15,14,9.32,0.93,10.55,1
1247,2,2025-06-23 08:20:00,2025-06-23 09:12:00,2,4.01,4,11,15.94,0.0,16.24,1
1248,1,2025-06-29 20:00:00,2025-06-29 20:30:00,4,3.31,5,1,12.99,0.0,13.29,2
1249,1,2025-06-29 17:27:00,2025-06-29 18:07:00,1,3.84,8,10,12.53,1.25,14.08,2
1250,1,2025-06-12 13:58:00,2025-06-12 14:07:00,1,2.37,9,1,8.26,0.0,8.56,4
1251,1,2025-06-17 14:33:00,2025-06-17 14:42:00,1,3.61,12,12,11.04,0.0,11.34,1
1252,2,2025-06-22 22:00:00,2025-06-22 22:14:00,2,2.89,12,9,12.16,1.22,13.68,3
1253,2,2025-06-23 13:32:00,2025-06-23 14:01:00,2,1.08,4,11,5.13,0.0,5.43,1
1254,1,2025-06-27 13:29:00,2025-06-27 14:21:00,4,3.03,3,13,11.95,1.2,13.45,2
1255,2,2025-06-20 17:27:00,2025-06-20 17:57:00,2,0.2,2,10,3.14,0.63,4.07,1
1256,1,2025-06-26 19:28:00,2025-06-26 19:52:00,3,4.81,8,3,15.24,0.0,15.54,1
1257,1,2025-06-27 17:01:00,2025-06-27 17:29:00,1,2.14,6,7,8.86,1.77,10.93,1
1258,1,2025-06-15 16:27:00,2025-06-15 16:56:00,4,6.99,4,2,24.51,2.45,27.26,1
1259,1,2025-06-17 22:17:00,2025-06-17 22:28:00,2,3.4,12,6,11.28,0.0,11.58,2
1260,1,2025-06-15 15:13:00,2025-06-15 15:29:00,3,2.15,5,10,8.68,1.3,10.28,1
1261,2,2025-06-05 16:24:00,2025-06-05 17:01:00,4,2.7,10,15,11.3,0.0,11.6,4
1262,2,2025-06-20 19:21:00,2025-06-20 19:43:00,2,6.03,4,1,21.65,0.0,21.95,1
1263,1,2025-06-13 11:44:00,2025-06-13 12:12:00,1,4.89,7,4,16.79,3.36,20.45,1
1264,2,2025-06-30 07:03:00,2025-06-30 07:55:00,1,4.77,15,8,17.89,0.0,18.19,4
1265,1,2025-06-19 07:58:00,2025-06-19 08:02:00,2,6.93,2,8,18.07,0.0,18.37,3
1266,2,2025-06-14 16:46:00,2025-06-14 17:05:00,2,0.34,7,2,3.38,0.34,4.02,2
1267,1,2025-06-03 03:24:00,2025-06-03 03:51:00,1,1.39,14,6,6.38,0.0,6.68,1
1268,2,2025-06-03 04:14:00,2025-06-03 05:08:00,1,8.96,6,14,22.32,0.0,22.62,1
1269,1,2025-06-05 00:08:00,2025-06-05 00:22:00,1,2.58,1,15,10.7,2.14,13.14,4
1270,2,2025-06-02 23:03:00,2025-06-02 23:12:00,4,0.2,2,5,3.0,0.3,3.6,2
1271,1,2025-06-18 06:34:00,2025-06-18 06:53:00,3,1.69,3,6,7.4,0.0,7.7,4
1272,1,2025-06-19 19:25:00,2025-06-19 20:07:00,3,0.2,9,9,3.05,0.0,3.35,2
1273,1,2025-06-23 07:19:00,2025-06-23 07:38:00,1,1.71,13,5,6.73,0.67,7.7,2
1274,1,2025-06-12 00:44:00,2025-06-12 01:28:00,2,6.26,12,2,21.13,0.0,21.43,1
1275,1,2025-06-10 16:04:00,2025-06-10 16:06:00,3,2.07,2,6,8.01,1.2,9.51,4
1276,1,2025-06-25 00:19:00,2025-06-25 00:53:00,3,1.13,12,8,6.15,0.62,7.07,1
1277,2,2025-06-06 22:03:00,2025-06-06 22:19:00,1,5.0,9,4,16.21,3.24,19.75,1
1278,1,2025-06-13 15:28:00,2025-06-13 15:57:00,1,2.16,14,10,7.68,0.77,8.75,2
1279,2,2025-06-05 21:03:00,2025-06-05 21:52:00,1,3.5,1,8,12.14,1.21,13.65,1
1280,2,2025-06-06 09:14:00,2025-06-06 09:51:00,3,3.45,4,3,10.44,1.57,12.31,2
1281,2,2025-06-24 02:47:00,2025-06-24 03:10:00,1,4.78,12,15,13.58,2.04,15.92,1
1282,2,2025-06-09 14:55:00,2025-06-09 15:22:00,3,3.75,9,10,11.54,1.15,12.99,2
1283,1,2025-06-05 23:15:00,2025-06-06 00:00:00,3,4.71,1,15,13.49,0.0,13.79,1
1284,2,2025-06-11 20:47:00,2025-06-11 20:53:00,2,3.69,4,15,12.97,1.3,14.57,2
1285,1,2025-06-05 14:39:00,2025-06-05 14:55:00,1,2.76,3,13,9.46,0.0,9.76,3
1286,2,2025-06-14 02:33:00,2025-06-14 03:20:00,4,0.2,2,3,3.08,0.0,3.38,1
1287,2,2025-06-11 20:38:00,2025-06-11 20:50:00,2,2.88,3,1,9.48,1.42,11.2,1
1288,1,2025-06-01 22:44:00,2025-06-01 22:57:00,3,3.93,3,11,15.74,0.0,16.04,1
1289,2,2025-06-22 13:32:00,2025-06-22 14:11:00,1,7.47,14,1,23.17,0.0,23.47,2
1290,2,2025-06-23 21:34:00,2025-06-23 21:46:00,2,3.23,2,5,12.53,0.0,12.83,2
1291,2,2025-06-16 23:08:00,2025-06-16 23:44:00,4,3.09,14,6,10.65,0.0,10.95,1
1292,2,2025-06-24 13:36:00,2025-06-24 14:27:00,4,5.62,8,2,19.34,3.87,23.51,2
1293,1,2025-06-30 02:49:00,2025-06-30 02:52:00,1,4.49,6,8,13.56,0.0,13.86,2
1294,2,2025-06-20 14:27:00,2025-06-20 14:52:00,4,4.93,4,15,14.57,0.0,14.87,1
1295,2,2025-06-13 11:11:00,2025-06-13 11:53:00,1,1.25,3,5,5.92,1.18,7.4,2
1296,1,2025-06-27 19:30:00,2025-06-27 19:58:00,3,0.2,5,4,3.17,0.32,3.79,2
1297,1,2025-06-16 14:56:00,2025-06-16 15:51:00,2,1.5,5,2,6.62,0.66,7.58,3
1298,1,2025-06-07 16:42:00,2025-06-07 17:13:00,1,1.75,5,10,7.78,1.56,9.64,2
1299,1,2025-06-14 02:51:00,2025-06-14 02:57:00,1,3.31,14,10,9.94,0.99,11.23,2
1300,1,2025-06-14 22:02:00,2025-06-14 22:04:00,1,2.85,1,5,10.24,0.0,10.54,1
1301,1,2025-06-23 20:18:00,2025-06-23 21:02:00,2,5.8,3,12,21.9,2.19,24.39,2
1302,1,2025-06-04 16:09:00,2025-06-04 16:29:00,4,2.51,15,6,8.68,1.3,10.28,3
1303,1,2025-06-18 13:52:00,2025-06-18 14:21:00,3,0.2,10,5,3.15,0.32,3.77,2
1304,2,2025-06-15 16:14:00,2025-06-15 17:07:00,3,5.89,5,3,19.54,0.0,19.84,1
1305,2,2025-06-14 16:50:00,2025-06-14 17:11:00,1,5.53,3,7,18.84,3.77,22.91,1
1306,2,2025-06-24 23:09:00,2025-06-24 23:39:00,2,4.59,15,11,16.42,3.28,20.0,1
1307,2,2025-06-20 11:07:00,2025-06-20 11:38:00,1,1.31,1,13,5.43,1.09,6.82,4
1308,2,2025-06-07 09:33:00,2025-06-07 10:14:00,1,4.23,10,9,16.41,0.0,16.71,2
1309,1,2025-06-25 17:23:00,2025-06-25 18:01:00,2,3.7,7,11,14.39,0.0,14.69,4
1310,1,2025-06-24 13:48:00,2025-06-24 14:19:00,1,2.72,1,5,11.22,0.0,11.52,2
1311,1,2025-06-05 10:23:00,2025-06-05 11:17:00,4,2.59,2,12,9.23,0.0,9.53,1
1312,1,2025-06-24 11:53:00,2025-06-24 12:04:00,1,5.53,3,4,18.4,2.76,21.46,3
1313,1,2025-06-15 03:34:00,2025-06-15 04:22:00,1,3.44,2,2,12.07,0.0,12.37,2
1314,1,2025-06-06 12:12:00,2025-06-06 12:47:00,3,3.18,2,8,9.87,0.0,10.17,2
1315,2,2025-06-18 18:45:00,2025-06-18 18:50:00,3,4.79,14,4,15.82,0.0,16.12,3
1316,1,2025-06-20 23:38:00,2025-06-21 00:22:00,1,2.41,3,11,9.59,1.44,11.33,1
1317,2,2025-06-30 22:07:00,2025-06-30 22:24:00,4,4.85,8,5,16.35,2.45,19.1,1
1318,1,2025-06-27 19:05:00,2025-06-27 19:38:00,2,6.24,7,7,18.98,1.9,21.18,2
1319,1,2025-06-20 08:01:00,2025-06-20 08:12:00,4,5.49,10,5,18.3,0.0,18.6,3
1320,2,2025-06-30 21:49:00,2025-06-30 22:30:00,1,3.61,3,8,12.37,1.24,13.91,1
1321,1,2025-06-08 04:55:00,2025-06-08 05:19:00,1,0.2,7,9,3.0,0.6,3.9,3
1322,1,2025-06-07 21:22:00,2025-06-07 21:46:00,1,3.18,6,8,12.0,2.4,14.7,4
1323,1,2025-06-30 23:11:00,2025-06-30 23:32:00,3,3.9,7,8,15.01,2.25,17.56,3
1324,2,2025-06-24 01:45:00,2025-06-24 02:36:00,3,2.83,3,12,10.96,1.1,12.36,2
1325,1,2025-06-16 20:12:00,2025-06-16 20:51:00,2,1.62,4,2,6.15,0.0,6.45,3
1326,1,2025-06-22 16:22:00,2025-06-22 16:44:00,4,1.76,2,15,7.98,0.0,8.28,2
1327,2,2025-06-20 02:48:00,2025-06-20 02:54:00,3,4.68,8,13,13.01,0.0,13.31,3
1328,1,2025-06-02 08:10:00,2025-06-02 08:23:00,1,3.8,7,3,12.32,1.85,14.47,1
1329,1,2025-06-23 08:24:00,2025-06-23 08:54:00,1,2.55,14,9,10.38,1.56,12.24,2
1330,1,2025-06-02 02:28:00,2025-06-02 03:10:00,1,1.85,4,1,8.7,0.0,9.0,1
1331,1,2025-06-19 13:40:00,2025-06-19 14:18:00,3,2.42,8,4,8.36,1.67,10.33,4
1332,1,2025-06-22 13:26:00,2025-06-22 14:00:00,1,2.97,15,9,10.29,2.06,12.65,2
1333,1,2025-06-20 10:57:00,2025-06-20 11:39:00,2,2.63,5,2,8.53,1.71,10.54,1
1334,2,2025-06-03 08:13:00,2025-06-03 08:53:00,1,3.77,4,14,13.24,0.0,13.54,2
1335,2,2025-06-17 06:55:00,2025-06-17 07:01:00,2,4.06,10,4,12.84,2.57,15.71,2
1336,2,2025-06-03 13:52:00,2025-06-03 14:28:00,4,2.32,10,8,9.55,0.0,9.85,1
1337,2,2025-06-02 11:15:00,2025-06-02 11:38:00,4,1.96,3,4,8.9,0.0,9.2,1
1338,1,2025-06-11 17:21:00,2025-06-11 17:54:00,1,3.87,15,10,11.35,2.27,13.92,1
1339,1,2025-06-19 22:38:00,2025-06-19 23:18:00,1,2.87,3,5,11.87,1.78,13.95,1
1340,2,2025-06-23 14:24:00,2025-06-23 14:58:00,1,0.2,7,8,3.0,0.3,3.6,1
1341,1,2025-06-03 12:27:00,2025-06-03 12:30:00,3,3.77,11,11,13.21,1.98,15.49,2
1342,2,2025-06-03 08:57:00,2025-06-03 09:23:00,3,0.2,7,12,3.12,0.0,3.42,1
1343,2,2025-06-06 06:14:00,2025-06-06 06:44:00,1,5.34,4,6,20.04,2.0,22.34,1
1344,1,2025-06-11 13:26:00,2025-06-11 13:33:00,1,5.16,7,12,17.5,0.0,17.8,4
1345,2,2025-06-12 08:58:00,2025-06-12 09:52:00,3,3.87,1,6,13.05,1.31,14.66,3
1346,1,2025-06-12 02:46:00,2025-06-12 03:06:00,4,3.45,8,11,10.63,1.59,12.52,1
1347,1,2025-06-04 11:25:00,2025-06-04 11:43:00,2,4.52,15,15,16.27,1.63,18.2,3
1348,1,2025-06-14 18:38:00,2025-06-14 19:03:00,3,2.66,14,11,10.84,1.08,12.22,1
1349,2,2025-06-15 12:16:00,2025-06-15 13:02:00,1,2.25,12,10,8.39,1.26,9.95,1
1350,1,2025-06-10 06:20:00,2025-06-10 06:30:00,1,2.95,4,5,11.97,2.39,14.66,1
1351,2,2025-06-07 11:03:00,2025-06-07 11:07:00,1,6.42,2,1,21.63,3.24,25.17,1
1352,2,2025-06-13 15:36:00,2025-06-13 16:15:00,2,2.75,1,5,9.82,0.0,10.12,1
1353,2,2025-06-18 09:53:00,2025-06-18 10:19:00,1,1.79,9,1,7.25,1.09,8.64,2
1354,2,2025-06-16 19:53:00,2025-06-16 19:56:00,3,3.72,15,14,14.75,1.48,16.53,1
1355,2,2025-06-02 05:52:00,2025-06-02 06:15:00,4,2.76,13,2,11.44,0.0,11.74,3
1356,2,2025-06-14 01:56:00,2025-06-14 02:32:00,1,0.31,12,10,3.35,0.67,4.32,2
1357,2,2025-06-22 06:27:00,2025-06-22 07:16:00,1,4.75,13,11,18.12,1.81,20.23,1
1358,2,2025-06-25 16:53:00,2025-06-25 17:13:00,1,3.13,1,10,10.65,1.6,12.55,1
1359,2,2025-06-12 09:37:00,2025-06-12 10:29:00,1,1.13,10,11,5.0,0.5,5.8,4
1360,1,2025-06-09 03:16:00,2025-06-09 03:46:00,1,0.24,1,8,3.16,0.47,3.93,2
1361,2,2025-06-30 00:35:00,2025-06-30 01:12:00,1,3.35,15,10,13.64,1.36,15.3,2
1362,2,2025-06-09 04:23:00,2025-06-09 04:41:00,1,3.91,5,14,14.7,1.47,16.47,1
1363,1,2025-06-29 16:29:00,2025-06-29 16:42:00,4,4.96,11,1,13.71,0.0,14.01,2
1364,1,2025-06-21 00:56:00,2025-06-21 01:35:00,4,5.52,12,4,16.75,3.35,20.4,1
1365,2,2025-06-12 17:11:00,2025-06-12 17:14:00,1,1.4,10,4,6.17,0.0,6.47,1
1366,2,2025-06-24 01:42:00,2025-06-24 02:12:00,3,0.2,4,4,3.0,0.0,3.3,1
1367,2,2025-06-19 22:20:00,2025-06-19 22:26:00,1,0.51,10,13,3.71,0.37,4.38,2
1368,1,2025-06-30 16:08:00,2025-06-30 16:33:00,1,0.2,10,1,3.05,0.3,3.65,1
1369,2,2025-06-14 05:42:00,2025-06-14 05:53:00,1,3.61,9,12,13.08,1.31,14.69,2
1370,1,2025-06-27 12:26:00,2025-06-27 12:30:00,1,2.95,7,13,11.32,0.0,11.62,1
1371,1,2025-06-26 17:34:00,2025-06-26 18:08:00,3,6.16,12,2,21.48,4.3,26.08,2
1372,2,2025-06-24 20:50:00,2025-06-24 21:25:00,1,3.16,4,14,11.12,1.11,12.53,1
1373,2,2025-06-12 01:30:00,2025-06-12 02:23:00,4,3.42,12,4,11.89,0.0,12.19,2
1374,2,2025-06-17 11:16:00,2025-06-17 11:23:00,4,1.22,2,15,5.7,1.14,7.14,2
1375,1,2025-06-28 13:03:00,2025-06-28 13:19:00,2,1.12,15,9,5.73,0.0,6.03,3
1376,2,2025-06-27 14:42:00,2025-06-27 15:26:00,1,3.89,13,5,11.7,1.17,13.17,1
1377,2,2025-06-04 17:01:00,2025-06-04 17:29:00,1,0.2,15,3,3.08,0.0,3.38,1
1378,2,2025-06-06 11:56:00,2025-06-06 12:24:00,4,6.06,12,15,17.75,3.55,21.6,1
1379,2,2025-06-06 18:03:00,2025-06-06 18:07:00,2,3.43,3,9,10.73,0.0,11.03,1
1380,1,2025-06-06 19:12:00,2025-06-06 19:39:00,1,2.8,12,5,11.0,0.0,11.3,4
1381,2,2025-06-16 07:42:00,2025-06-16 08:21:00,2,2.42,12,15,9.92,0.0,10.22,2
1382,2,2025-06-29 17:02:00,2025-06-29 17:32:00,4,2.57,5,13,10.44,1.57,12.31,1
1383,1,2025-06-09 08:22:00,2025-06-09 09:10:00,3,3.67,3,15,14.7,0.0,15.0,2
1384,1,2025-06-17 20:00:00,2025-06-17 20:45:00,3,0.2,6,8,3.1,0.46,3.86,3
1385,2,2025-06-27 18:20:00,2025-06-27 18:39:00,1,4.09,1,10,12.96,1.3,14.56,1
1386,1,2025-06-18 11:30:00,2025-06-18 11:52:00,2,2.88,1,14,11.45,0.0,11.75,2
1387,2,2025-06-13 15:55:00,2025-06-13 16:33:00,2,4.53,2,5,14.35,0.0,14.65,2
1388,1,2025-06-11 04:16:00,2025-06-11 04:28:00,1,1.95,10,13,7.47,0.75,8.52,3
1389,1,2025-06-13 16:20:00,2025-06-13 16:31:00,3,5.39,1,10,17.65,0.0,17.95,2
1390,2,2025-06-09 21:08:00,2025-06-09 21:10:00,3,4.71,6,4,15.62,0.0,15.92,2
1391,2,2025-06-21 05:52:00,2025-06-21 06:27:00,2,4.82,8,15,18.41,0.0,18.71,1
1392,1,2025-06-04 22:52:00,2025-06-04 23:02:00,4,4.85,6,13,18.95,0.0,19.25,4
1393,1,2025-06-11 02:57:00,2025-06-11 03:45:00,4,4.29,11,12,13.66,2.05,16.01,3
1394,1,2025-06-15 07:51:00,2025-06-15 07:55:00,4,3.75,6,4,12.7,2.54,15.54,3
1395,1,2025-06-01 08:42:00,2025-06-01 08:59:00,2,4.53,5,8,17.59,0.0,17.89,4
1396,1,2025-06-09 12:22:00,2025-06-09 13:10:00,3,4.75,4,11,15.78,0.0,16.08,4
1397,2,2025-06-10 17:57:00,2025-06-10 17:59:00,3,0.97,1,7,5.35,0.0,5.65,2
1398,1,2025-06-29 17:14:00,2025-06-29 17:53:00,1,4.18,8,9,12.87,1.29,14.46,4
1399,2,2025-06-11 13:17:00,2025-06-11 13:37:00,1,2.0,6,9,8.41,1.68,10.39,1
1400,2,2025-06-10 23:07:00,2025-06-10 23:16:00,1,1.08,7,8,6.12,0.61,7.03,3
1401,1,2025-06-20 08:03:00,2025-06-20 08:12:00,2,5.55,12,7,19.11,1.91,21.32,4
1402,2,2025-06-23 06:18:00,2025-06-23 06:58:00,3,7.9,1,5,23.79,0.0,24.09,1
1403,2,2025-06-19 14:44:00,2025-06-19 14:49:00,2,1.48,7,13,6.95,1.04,8.29,2
1404,1,2025-06-12 20:45:00,2025-06-12 20:50:00,1,2.49,6,11,8.78,0.0,9.08,2
1405,2,2025-06-19 15:37:00,2025-06-19 15:53:00,1,2.06,10,10,7.54,0.0,7.84,2
1406,1,2025-06-25 13:34:00,2025-06-25 13:37:00,4,2.64,13,7,11.32,0.0,11.62,1
1407,1,2025-06-17 01:14:00,2025-06-17 02:05:00,1,3.28,6,9,9.91,0.0,10.21,4
1408,1,2025-06-25 09:07:00,2025-06-25 09:34:00,1,2.44,5,13,10.39,0.0,10.69,1
1409,1,2025-06-19 19:32:00,2025-06-19 19:47:00,3,1.7,13,9,6.27,0.0,6.57,2
1410,1,2025-06-23 01:38:00,2025-06-23 01:42:00,1,2.68,1,4,8.9,0.89,10.09,1
1411,1,2025-06-06 15:03:00,2025-06-06 15:57:00,1,3.85,14,2,11.58,1.16,13.04,2
1412,1,2025-06-19 21:42:00,2025-06-19 21:45:00,1,0.21,10,15,3.0,0.6,3.9,3
1413,1,2025-06-27 18:27:00,2025-06-27 19:19:00,1,0.2,7,9,3.15,0.32,3.77,1
1414,2,2025-06-21 21:14:00,2025-06-21 21:28:00,2,5.7,8,7,15.72,3.14,19.16,1
1415,2,2025-06-11 02:45:00,2025-06-11 03:13:00,1,0.96,9,4,5.66,1.13,7.09,2
1416,1,2025-06-18 21:57:00,2025-06-18 22:22:00,2,2.3,8,4,9.67,0.0,9.97,4
1417,1,2025-06-11 13:31:00,2025-06-11 14:01:00,1,1.35,3,13,6.51,0.65,7.46,2
1418,1,2025-06-08 16:52:00,2025-06-08 17:07:00,1,5.17,10,4,19.24,2.89,22.43,2
1419,2,2025-06-29 01:22:00,2025-06-29 02:17:00,1,0.2,1,13,3.08,0.0,3.38,2
1420,2,2025-06-15 04:11:00,2025-06-15 05:00:00,1,3.76,1,6,12.3,0.0,12.6,1
1421,2,2025-06-10 12:31:00,2025-06-10 13:21:00,3,0.95,6,8,5.16,0.0,5.46,2
1422,1,2025-06-04 16:56:00,2025-06-04 17:04:00,1,2.27,7,3,8.65,0.0,8.95,2
1423,2,2025-06-06 12:41:00,2025-06-06 12:53:00,1,4.58,8,3,13.2,1.98,15.48,3
1424,2,2025-06-25 21:33:00,2025-06-25 22:01:00,4,7.21,2,7,21.82,2.18,24.3,3
1425,1,2025-06-13 08:07:00,2025-06-13 08:42:00,3,1.26,3,5,6.12,0.0,6.42,3
1426,2,2025-06-17 21:30:00,2025-06-17 22:05:00,4,7.16,8,4,23.45,3.52,27.27,3
1427,2,2025-06-07 03:49:00,2025-06-07 04:01:00,1,0.2,3,3,3.0,0.45,3.75,1
1428,2,2025-06-15 04:36:00,2025-06-15 05:22:00,1,2.6,9,8,8.81,0.0,9.11,1
1429,1,2025-06-29 10:38:00,2025-06-29 11:09:00,1,2.55,6,11,10.06,0.0,10.36,1
1430,2,2025-06-13 22:24:00,2025-06-13 23:18:00,1,2.76,10,12,11.59,1.74,13.63,2
1431,1,2025-06-19 08:28:00,2025-06-19 08:46:00,1,0.41,3,2,3.5,0.7,4.5,1
1432,2,2025-06-12 23:11:00,2025-06-12 23:49:00,1,2.07,10,11,7.31,1.46,9.07,2
1433,1,2025-06-27 22:48:00,2025-06-27 23:28:00,1,2.55,4,3,10.78,1.62,12.7,1
1434,1,2025-06-05 03:45:00,2025-06-05 04:38:00,1,6.96,3,8,22.95,0.0,23.25,1
1435,1,2025-06-03 09:00:00,2025-06-03 09:10:00,1,0.95,5,9,5.35,0.54,6.19,2
1436,2,2025-06-18 21:31:00,2025-06-18 21:57:00,3,3.03,6,5,11.98,1.8,14.08,1
1437,2,2025-06-28 13:14:00,2025-06-28 14:09:00,3,3.48,12,3,12.8,1.28,14.38,2
1438,2,2025-06-23 07:18:00,2025-06-23 08:04:00,4,4.43,9,15,16.44,0.0,16.74,1
1439,1,2025-06-09 02:26:00,2025-06-09 02:29:00,3,5.95,12,7,21.09,2.11,23.5,2
1440,2,2025-06-09 16:36:00,2025-06-09 17:02:00,3,0.2,4,8,3.03,0.0,3.33,1
1441,1,2025-06-01 06:07:00,2025-06-01 06:46:00,3,2.85,9,15,10.03,1.0,11.33,1
1442,2,2025-06-02 12:37:00,2025-06-02 13:20:00,1,4.07,7,1,12.8,1.92,15.02,3
1443,2,2025-06-03 14:30:00,2025-06-03 15:08:00,1,5.06,11,8,19.26,3.85,23.41,2
1444,1,2025-06-30 11:17:00,2025-06-30 12:07:00,3,0.2,1,6,3.07,0.0,3.37,3
1445,1,2025-06-07 23:19:00,2025-06-08 00:06:00,1,2.83,14,14,9.17,1.38,10.85,2
1446,2,2025-06-30 00:17:00,2025-06-30 01:04:00,1,0.2,14,9,3.0,0.0,3.3,3
1447,1,2025-06-28 22:39:00,2025-06-28 23:28:00,3,7.18,15,12,25.6,2.56,28.46,3
1448,1,2025-06-17 16:02:00,2025-06-17 16:37:00,1,3.62,7,14,10.53,1.58,12.41,1
1449,2,2025-06-23 19:47:00,2025-06-23 19:58:00,1,3.08,10,4,10.91,1.09,12.3,3
1450,2,2025-06-01 03:31:00,2025-06-01 03:52:00,3,2.33,2,6,8.39,0.84,9.53,4
1451,1,2025-06-04 22:02:00,2025-06-04 22:40:00,1,4.02,12,2,15.77,0.0,16.07,2
1452,2,2025-06-29 12:26:00,2025-06-29 12:29:00,2,2.82,4,11,11.3,0.0,11.6,1
1453,1,2025-06-12 05:29:00,2025-06-12 05:50:00,1,4.77,12,13,18.15,0.0,18.45,1
1454,2,2025-06-18 06:18:00,2025-06-18 07:05:00,2,0.63,3,10,4.1,0.41,4.81,1
1455,2,2025-06-09 13:36:00,2025-06-09 13:55:00,1,4.18,5,2,13.18,1.98,15.46,2
1456,1,2025-06-17 13:09:00,2025-06-17 13:33:00,1,2.32,8,14,9.75,1.95,12.0,4
1457,2,2025-06-27 15:13:00,2025-06-27 15:39:00,1,4.72,6,11,18.51,2.78,21.59,1
1458,1,2025-06-23 22:14:00,2025-06-23 22:51:00,1,5.46,2,9,19.95,2.0,22.25,1
1459,2,2025-06-22 06:50:00,2025-06-22 07:08:00,3,4.22,8,3,15.12,0.0,15.42,1
1460,2,2025-06-17 22:37:00,2025-06-17 23:15:00,4,3.4,15,1,11.52,2.3,14.12,1
1461,1,2025-06-29 15:33:00,2025-06-29 15:57:00,1,3.38,6,11,11.65,1.17,13.12,1
1462,2,2025-06-14 22:32:00,2025-06-14 22:44:00,3,3.01,13,1,10.81,0.0,11.11,2
1463,2,2025-06-28 00:20:00,2025-06-28 00:58:00,3,2.04,5,12,8.15,0.0,8.45,1
1464,1,2025-06-22 23:04:00,2025-06-22 23:49:00,3,0.2,15,15,3.04,0.0,3.34,1
1465,1,2025-06-20 03:49:00,2025-06-20 04:18:00,1,3.99,3,9,13.2,0.0,13.5,2
1466,1,2025-06-24 20:26:00,2025-06-24 20:40:00,4,0.2,13,3,3.17,0.63,4.1,1
1467,2,2025-06-03 10:45:00,2025-06-03 10:52:00,1,1.9,7,3,8.51,1.28,10.09,3
1468,1,2025-06-07 17:05:00,2025-06-07 17:19:00,1,6.53,5,2,23.78,2.38,26.46,4
1469,1,2025-06-10 06:04:00,2025-06-10 06:33:00,1,4.53,1,8,16.19,1.62,18.11,1
1470,2,2025-06-22 10:14:00,2025-06-22 10:51:00,2,4.04,15,8,14.72,0.0,15.02,3
1471,2,2025-06-12 01:08:00,2025-06-12 01:58:00,1,5.0,7,13,15.41,0.0,15.71,4
1472,1,2025-06-20 07:46:00,2025-06-20 08:26:00,1,2.16,6,8,8.27,0.0,8.57,2
1473,2,2025-06-09 02:35:00,2025-06-09 03:26:00,1,3.39,10,10,12.0,0.0,12.3,3
1474,2,2025-06-11 11:18:00,2025-06-11 11:28:00,1,5.18,4,5,17.0,0.0,17.3,1
1475,2,2025-06-18 11:30:00,2025-06-18 12:13:00,1,3.71,1,5,12.05,1.81,14.16,1
1476,1,2025-06-19 02:57:00,2025-06-19 03:42:00,1,4.29,8,13,14.6,0.0,14.9,3
1477,2,2025-06-05 14:45:00,2025-06-05 15:28:00,4,5.66,3,10,15.04,1.5,16.84,2
1478,1,2025-06-01 12:39:00,2025-06-01 13:12:00,1,0.32,7,13,3.46,0.52,4.28,2
1479,2,2025-06-12 18:30:00,2025-06-12 19:19:00,4,1.3,9,6,6.61,0.99,7.9,1
1480,2,2025-06-25 08:23:00,2025-06-25 08:48:00,4,1.07,7,9,5.0,0.0,5.3,1
1481,2,2025-06-07 20:15:00,2025-06-07 20:17:00,2,0.65,9,14,4.39,0.0,4.69,1
1482,1,2025-06-22 03:38:00,2025-06-22 03:58:00,3,7.38,8,6,19.09,2.86,22.25,3
1483,1,2025-06-17 19:22:00,2025-06-17 19:40:00,1,0.39,9,5,3.72,0.0,4.02,1
1484,1,2025-06-19 23:32:00,2025-06-19 23:35:00,1,4.62,11,1,15.14,1.51,16.95,3
1485,1,2025-06-02 15:59:00,2025-06-02 16:35:00,4,3.09,3,12,9.61,0.0,9.91,2
1486,1,2025-06-20 14:52:00,2025-06-20 15:11:00,4,1.62,12,10,6.74,1.01,8.05,4
1487,1,2025-06-24 19:51:00,2025-06-24 20:29:00,2,2.39,10,12,8.83,0.0,9.13,2
1488,1,2025-06-04 14:01:00,2025-06-04 14:24:00,1,3.42,7,7,13.83,1.38,15.51,3
1489,1,2025-06-12 16:33:00,2025-06-12 17:21:00,3,0.71,2,13,4.77,0.72,5.79,1
1490,1,2025-06-14 19:10:00,2025-06-14 19:51:00,1,0.2,12,13,3.06,0.0,3.36,2
1491,1,2025-06-22 12:33:00,2025-06-22 12:48:00,3,3.35,5,9,12.87,0.0,13.17,2
1492,1,2025-06-09 05:59:00,2025-06-09 06:44:00,2,0.95,7,4,4.91,0.0,5.21,3
1493,1,2025-06-06 21:44:00,2025-06-06 22:03:00,1,2.9,2,4,12.28,1.23,13.81,3
1494,2,2025-06-15 18:33:00,2025-06-15 18:49:00,3,6.02,12,12,16.2,1.62,18.12,2
1495,2,2025-06-29 21:20:00,2025-06-29 22:00:00,1,2.21,6,6,9.83,0.0,10.13,4
1496,1,2025-06-21 05:23:00,2025-06-21 05:34:00,4,5.03,4,9,16.35,2.45,19.1,2
1497,1,2025-06-12 15:17:00,2025-06-12 15:44:00,1,7.22,9,6,26.77,4.02,31.09,3
1498,2,2025-06-25 02:27:00,2025-06-25 02:52:00,1,4.03,8,11,12.84,1.28,14.42,1
1499,2,2025-06-29 10:31:00,2025-06-29 11:10:00,1,4.18,13,5,13.86,0.0,14.16,2
1500,1,2025-06-25 11:11:00,2025-06-25 11:21:00,1,4.89,2,7,15.48,0.0,15.78,1
1501,2,2025-06-26 23:24:00,2025-06-26 23:44:00,1,3.74,9,7,14.22,2.13,16.65,2
1502,2,2025-06-28 06:32:00,2025-06-28 06:51:00,3,4.31,11,2,13.63,1.36,15.29,2
1503,2,2025-06-25 05:38:00,2025-06-25 06:05:00,1,3.53,14,15,13.47,1.35,15.12,4
1504,2,2025-06-09 02:00:00,2025-06-09 02:27:00,4,5.31,14,6,16.02,3.2,19.52,1
1505,1,2025-06-05 11:23:00,2025-06-05 11:49:00,1,1.29,11,1,5.99,0.0,6.29,2
1506,2,2025-06-29 05:07:00,2025-06-29 05:41:00,1,2.15,10,12,9.81,1.96,12.07,1
1507,2,2025-06-28 18:04:00,2025-06-28 18:21:00,3,4.67,1,12,16.61,1.66,18.57,2
1508,1,2025-06-09 18:50:00,2025-06-09 19:02:00,1,5.75,3,8,18.31,0.0,18.61,1
1509,2,2025-06-14 08:00:00,2025-06-14 08:06:00,1,4.33,11,10,14.42,0.0,14.72,4
1510,2,2025-06-09 01:11:00,2025-06-09 01:42:00,1,2.32,13,10,9.0,0.0,9.3,1
1511,2,2025-06-22 00:51:00,2025-06-22 01:39:00,2,3.44,14,9,10.2,1.53,12.03,1
1512,1,2025-06-19 23:34:00,2025-06-19 23:52:00,2,3.14,2,12,12.74,2.55,15.59,2
1513,2,2025-06-03 17:18:00,2025-06-03 17:38:00,2,4.69,6,7,16.9,0.0,17.2,4
1514,1,2025-06-06 15:30:00,2025-06-06 15:38:00,4,0.2,13,14,3.0,0.3,3.6,1
1515,1,2025-06-17 16:16:00,2025-06-17 16:44:00,1,2.56,4,5,8.88,1.33,10.51,3
1516,2,2025-06-04 08:54:00,2025-06-04 09:25:00,1,2.23,13,4,9.81,1.47,11.58,1
1517,1,2025-06-21 05:42:00,2025-06-21 06:05:00,1,3.96,1,13,13.91,2.78,16.99,2
1518,2,2025-06-14 03:02:00,2025-06-14 03:05:00,1,0.2,10,6,3.0,0.3,3.6,3
1519,1,2025-06-08 04:54:00,2025-06-08 05:32:00,1,1.61,3,12,6.89,0.69,7.88,2
1520,1,2025-06-14 07:18:00,2025-06-14 07:44:00,3,1.42,1,14,6.06,0.0,6.36,1
1521,1,2025-06-07 18:03:00,2025-06-07 18:42:00,1,5.19,7,8,17.09,3.42,20.81,3
1522,2,2025-06-08 02:15:00,2025-06-08 02:54:00,2,3.35,9,6,13.3,1.33,14.93,3
1523,2,2025-06-08 16:43:00,2025-06-08 17:18:00,1,0.8,6,4,4.62,0.0,4.92,1
1524,2,2025-06-07 19:56:00,2025-06-07 20:15:00,2,3.47,11,4,12.67,0.0,12.97,2
1525,1,2025-06-26 21:56:00,2025-06-26 22:38:00,1,6.54,15,4,23.53,4.71,28.54,3
1526,2,2025-06-02 11:52:00,2025-06-02 12:19:00,3,0.97,9,2,5.36,0.54,6.2,2
1527,1,2025-06-25 11:20:00,2025-06-25 11:27:00,4,3.9,4,5,13.73,0.0,14.03,3
1528,2,2025-06-12 03:42:00,2025-06-12 03:58:00,3,3.07,3,1,11.79,1.77,13.86,1
1529,1,2025-06-05 03:47:00,2025-06-05 04:36:00,1,4.66,9,5,13.11,0.0,13.41,1
1530,1,2025-06-12 02:26:00,2025-06-12 03:05:00,1,6.88,8,2,23.92,3.59,27.81,4
1531,1,2025-06-29 20:23:00,2025-06-29 20:29:00,3,3.55,2,9,10.67,0.0,10.97,2
1532,1,2025-06-14 15:38:00,2025-06-14 16:16:00,4,4.19,14,15,11.77,1.77,13.84,2
1533,2,2025-06-30 05:55:00,2025-06-30 06:09:00,3,0.67,5,13,4.58,0.0,4.88,1
1534,2,2025-06-23 10:03:00,2025-06-23 10:45:00,4,1.62,8,9,6.41,1.28,7.99,1
1535,1,2025-06-13 00:34:00,2025-06-13 01:10:00,1,3.21,11,8,11.72,1.17,13.19,2
1536,1,2025-06-01 07:07:00,2025-06-01 07:29:00,1,4.89,8,8,18.5,3.7,22.5,1
1537,1,2025-06-20 15:52:00,2025-06-20 16:37:00,1,1.59,14,3,6.84,1.37,8.51,4
1538,2,2025-06-11 13:11:00,2025-06-11 13:26:00,1,7.7,6,13,22.28,2.23,24.81,3
1539,1,2025-06-14 15:44:00,2025-06-14 16:25:00,1,3.97,13,7,12.78,0.0,13.08,2
1540,2,2025-06-08 03:37:00,2025-06-08 03:59:00,4,6.24,11,10,23.39,3.51,27.2,1
1541,2,2025-06-11 09:49:00,2025-06-11 10:07:00,4,0.2,5,6,3.01,0.0,3.31,1
1542,1,2025-06-21 11:12:00,2025-06-21 11:33:00,2,3.92,13,7,13.12,1.97,15.39,1
1543,1,2025-06-19 14:30:00,2025-06-19 14:54:00,1,2.5,1,14,9.37,0.94,10.61,3
1544,2,2025-06-12 15:32:00,2025-06-12 15:52:00,1,2.29,6,7,9.83,0.0,10.13,2
1545,1,2025-06-26 11:38:00,2025-06-26 12:27:00,1,3.66,2,2,12.76,1.28,14.34,1
1546,2,2025-06-22 19:56:00,2025-06-22 20:44:00,4,4.59,13,11,15.86,0.0,16.16,3
1547,2,2025-06-23 03:58:00,2025-06-23 04:15:00,1,2.66,1,11,9.55,0.0,9.85,2
1548,1,2025-06-17 19:32:00,2025-06-17 20:02:00,1,6.02,8,3,22.42,0.0,22.72,4
1549,2,2025-06-19 19:57:00,2025-06-19 20:51:00,1,3.89,9,2,12.45,0.0,12.75,1
1550,2,2025-06-27 01:34:00,2025-06-27 02:10:00,4,4.18,9,9,15.52,1.55,17.37,1
1551,2,2025-06-07 09:25:00,2025-06-07 10:16:00,4,3.73,14,6,13.84,1.38,15.52,1
1552,1,2025-06-09 09:07:00,2025-06-09 09:29:00,4,0.2,6,6,3.05,0.46,3.81,3
1553,2,2025-06-12 18:55:00,2025-06-12 19:13:00,1,0.2,7,7,3.0,0.45,3.75,4
1554,2,2025-06-25 01:09:00,2025-06-25 01:14:00,1,0.24,6,1,3.29,0.66,4.25,2
1555,1,2025-06-15 21:14:00,2025-06-15 22:06:00,3,1.54,12,2,6.5,0.0,6.8,4
1556,1,2025-06-06 02:41:00,2025-06-06 03:17:00,3,2.79,14,14,9.17,1.83,11.3,2
1557,2,2025-06-28 18:19:00,2025-06-28 19:02:00,2,6.7,14,5,23.41,3.51,27.22,3
1558,2,2025-06-07 22:14:00,2025-06-07 22:57:00,2,3.04,11,10,10.39,0.0,10.69,2
1559,1,2025-06-20 16:17:00,2025-06-20 16:20:00,1,1.77,1,1,7.72,1.16,9.18,2
1560,2,2025-06-07 20:22:00,2025-06-07 20:40:00,3,4.22,11,13,16.12,3.22,19.64,2
1561,1,2025-06-30 17:55:00,2025-06-30 18:39:00,1,4.4,3,4,17.07,3.41,20.78,1
1562,1,2025-06-09 06:20:00,2025-06-09 06:28:00,3,6.91,14,1,17.92,3.58,21.8,1
1563,2,2025-06-04 03:39:00,2025-06-04 04:01:00,1,6.51,5,3,21.96,0.0,22.26,1
1564,2,2025-06-10 21:16:00,2025-06-10 22:07:00,1,0.2,15,15,3.03,0.0,3.33,4
1565,2,2025-06-18 01:43:00,2025-06-18 01:46:00,2,0.2,1,8,3.12,0.47,3.89,1
1566,1,2025-06-10 08:36:00,2025-06-10 09:27:00,1,4.4,2,3,14.19,0.0,14.49,4
1567,1,2025-06-10 12:58:00,2025-06-10 13:07:00,1,6.41,7,4,19.36,1.94,21.6,4
1568,1,2025-06-24 01:40:00,2025-06-24 02:05:00,1,1.94,2,8,7.88,1.58,9.76,2
1569,2,2025-06-20 02:46:00,2025-06-20 03:13:00,4,4.14,14,2,13.4,1.34,15.04,1
1570,1,2025-06-11 10:31:00,2025-06-11 11:17:00,1,2.97,15,8,9.33,1.4,11.03,3
1571,1,2025-06-30 11:05:00,2025-06-30 11:27:00,1,7.11,3,9,19.66,0.0,19.96,3
1572,2,2025-06-22 09:09:00,2025-06-22 09:59:00,1,4.35,13,4,12.27,2.45,15.02,2
1573,1,2025-06-19 21:09:00,2025-06-19 22:03:00,1,3.91,12,13,15.5,0.0,15.8,1
1574,2,2025-06-08 09:21:00,2025-06-08 09:24:00,1,4.28,7,11,14.47,1.45,16.22,2
1575,1,2025-06-15 14:41:00,2025-06-15 14:44:00,2,3.59,12,14,14.23,0.0,14.53,1
1576,1,2025-06-25 13:15:00,2025-06-25 13:41:00,1,1.36,3,3,6.74,1.35,8.39,1
1577,2,2025-06-11 03:14:00,2025-06-11 03:21:00,1,2.52,7,14,10.97,1.65,12.92,4
1578,2,2025-06-28 10:55:00,2025-06-28 11:48:00,1,3.58,8,8,13.11,1.31,14.72,1
1579,1,2025-06-30 20:56:00,2025-06-30 21:32:00,1,1.28,8,12,6.42,0.96,7.68,1
1580,1,2025-06-24 10:13:00,2025-06-24 10:23:00,4,5.37,4,11,19.5,0.0,19.8,1
1581,2,2025-06-19 09:05:00,2025-06-19 09:25:00,1,3.95,12,11,12.26,0.0,12.56,3
1582,2,2025-06-22 00:47:00,2025-06-22 01:31:00,1,2.55,10,15,9.92,1.98,12.2,1
1583,2,2025-06-20 04:57:00,2025-06-20 05:22:00,4,1.74,12,15,8.28,0.0,8.58,1
1584,1,2025-06-10 00:09:00,2025-06-10 00:22:00,1,0.86,14,13,4.41,0.0,4.71,2
1585,1,2025-06-15 16:17:00,2025-06-15 16:19:00,2,1.03,7,8,5.19,1.04,6.53,2
1586,2,2025-06-12 23:03:00,2025-06-12 23:39:00,1,2.14,11,13,8.34,0.83,9.47,1
1587,2,2025-06-12 14:50:00,2025-06-12 15:13:00,3,4.05,11,14,14.08,0.0,14.38,1
1588,1,2025-06-03 20:56:00,2025-06-03 21:48:00,1,0.93,9,3,4.95,0.0,5.25,2
1589,1,2025-06-06 01:23:00,2025-06-06 01:32:00,3,1.53,8,7,7.47,0.75,8.52,1
1590,1,2025-06-19 02:14:00,2025-06-19 03:08:00,1,2.65,4,3,11.32,2.26,13.88,1
1591,2,2025-06-17 02:35:00,2025-06-17 03:10:00,3,2.23,1,13,9.71,1.94,11.95,1
1592,1,2025-06-25 03:51:00,2025-06-25 04:03:00,4,2.49,11,3,9.1,0.0,9.4,1
1593,2,2025-06-25 14:43:00,2025-06-25 15:24:00,2,1.95,5,7,6.9,1.03,8.23,2
1594,2,2025-06-15 15:37:00,2025-06-15 15:47:00,4,3.85,1,2,14.3,1.43,16.03,2
1595,1,2025-06-15 04:21:00,2025-06-15 04:36:00,1,5.76,13,7,21.8,0.0,22.1,2
1596,1,2025-06-08 07:02:00,2025-06-08 07:52:00,4,1.85,7,13,8.73,0.0,9.03,2
1597,2,2025-06-18 19:04:00,2025-06-18 19:43:00,1,4.59,3,15,12.99,1.3,14.59,3
1598,2,2025-06-27 15:59:00,2025-06-27 16:44:00,1,6.93,3,11,19.01,2.85,22.16,1
1599,2,2025-06-29 23:30:00,2025-06-29 23:39:00,1,0.66,8,4,4.56,0.91,5.77,4
1600,2,2025-06-06 16:23:00,2025-06-06 16:59:00,1,2.87,3,2,11.37,1.71,13.38,1
1601,2,2025-06-18 08:42:00,2025-06-18 09:37:00,1,4.0,3,15,13.54,2.71,16.55,1
1602,2,2025-06-24 19:04:00,2025-06-24 19:12:00,1,2.55,10,14,8.38,1.68,10.36,4
1603,2,2025-06-23 12:09:00,2025-06-23 13:04:00,4,2.53,14,13,8.24,0.0,8.54,3
1604,2,2025-06-13 13:19:00,2025-06-13 13:37:00,1,1.07,7,11,5.68,0.57,6.55,1
1605,2,2025-06-01 14:07:00,2025-06-01 14:15:00,1,2.64,10,7,10.16,0.0,10.46,4
1606,2,2025-06-23 04:52:00,2025-06-23 05:29:00,1,0.84,7,10,4.96,0.99,6.25,2
1607,1,2025-06-05 21:44:00,2025-06-05 22:23:00,1,4.79,2,13,13.6,0.0,13.9,2
1608,2,2025-06-28 11:31:00,2025-06-28 11:59:00,2,0.64,6,11,4.53,0.0,4.83,2
1609,1,2025-06-24 18:59:00,2025-06-24 19:03:00,1,6.78,11,15,22.53,3.38,26.21,2
1610,2,2025-06-09 05:24:00,2025-06-09 05:27:00,1,1.79,2,5,7.79,0.78,8.87,3
1611,1,2025-06-21 18:45:00,2025-06-21 19:03:00,1,1.19,5,8,5.62,0.0,5.92,2
1612,2,2025-06-29 21:22:00,2025-06-29 21:40:00,4,5.67,4,9,20.2,0.0,20.5,2
1613,1,2025-06-16 20:41:00,2025-06-16 21:32:00,1,4.82,6,10,18.06,1.81,20.17,4
1614,2,2025-06-14 22:03:00,2025-06-14 22:11:00,3,0.2,11,7,3.16,0.0,3.46,2
1615,2,2025-06-30 02:28:00,2025-06-30 02:41:00,1,3.26,6,6,13.02,1.95,15.27,4
1616,2,2025-06-08 05:54:00,2025-06-08 06:06:00,3,1.79,4,10,7.13,0.0,7.43,3
1617,1,2025-06-30 05:34:00,2025-06-30 06:11:00,1,2.43,12,2,8.36,1.67,10.33,1
1618,2,2025-06-28 05:08:00,2025-06-28 05:52:00,3,5.78,3,12,18.02,1.8,20.12,1
1619,1,2025-06-19 01:21:00,2025-06-19 01:31:00,1,4.06,10,10,16.09,1.61,18.0,1
1620,2,2025-06-21 03:22:00,2025-06-21 04:16:00,1,2.73,3,11,8.64,1.73,10.67,2
1621,1,2025-06-11 05:10:00,2025-06-11 06:05:00,1,2.7,11,13,11.28,1.69,13.27,1
1622,2,2025-06-14 12:10:00,2025-06-14 12:27:00,2,1.81,8,14,8.58,1.72,10.6,2
1623,2,2025-06-26 02:05:00,2025-06-26 02:43:00,4,3.68,11,10,12.89,1.93,15.12,1
1624,1,2025-06-17 13:33:00,2025-06-17 14:26:00,1,4.46,6,6,16.6,2.49,19.39,2
1625,1,2025-06-17 06:01:00,2025-06-17 06:07:00,1,4.29,13,9,16.36,0.0,16.66,4
1626,1,2025-06-24 02:16:00,2025-06-24 03:03:00,4,2.91,2,13,10.56,1.06,11.92,1
1627,2,2025-06-30 08:28:00,2025-06-30 09:05:00,2,3.85,8,10,12.21,0.0,12.51,2
1628,2,2025-06-20 20:25:00,2025-06-20 20:31:00,3,1.85,1,9,8.69,0.0,8.99,3
1629,2,2025-06-03 14:51:00,2025-06-03 15:15:00,3,0.2,2,12,3.0,0.3,3.6,1
1630,1,2025-06-02 06:07:00,2025-06-02 06:54:00,2,3.68,12,13,13.24,1.99,15.53,1
1631,2,2025-06-21 13:49:00,2025-06-21 14:10:00,1,0.2,13,15,3.02,0.6,3.92,4
1632,2,2025-06-25 13:24:00,2025-06-25 14:09:00,3,2.45,10,1,9.62,0.0,9.92,1
1633,1,2025-06-04 05:33:00,2025-06-04 06:14:00,1,5.2,4,10,14.95,0.0,15.25,1
1634,2,2025-06-30 13:19:00,2025-06-30 13:52:00,3,4.04,2,2,14.92,1.49,16.71,3
1635,2,2025-06-18 15:11:00,2025-06-18 16:04:00,1,0.49,3,2,3.66,0.37,4.33,1
1636,1,2025-06-20 14:04:00,2025-06-20 14:22:00,1,4.98,5,7,16.44,0.0,16.74,1
1637,1,2025-06-30 10:56:00,2025-06-30 11:38:00,3,5.21,1,15,14.55,1.46,16.31,1
1638,2,2025-06-17 23:34:00,2025-06-17 23:42:00,2,4.33,1,1,12.9,2.58,15.78,1
1639,2,2025-06-02 06:12:00,2025-06-02 07:05:00,1,5.44,4,11,20.08,0.0,20.38,2
1640,1,2025-06-10 22:31:00,2025-06-10 22:55:00,2,1.68,10,6,6.39,0.0,6.69,3
1641,1,2025-06-09 01:52:00,2025-06-09 02:26:00,1,5.5,15,9,14.8,0.0,15.1,1
1642,1,2025-06-05 21:43:00,2025-06-05 22:07:00,2,6.32,9,3,21.58,4.32,26.2,1
1643,2,2025-06-28 11:11:00,2025-06-28 11:22:00,1,7.92,14,7,28.84,5.77,34.91,3
1644,2,2025-06-26 05:37:00,2025-06-26 05:43:00,1,3.12,3,4,10.63,1.06,11.99,4
1645,1,2025-06-19 09:35:00,2025-06-19 09:39:00,4,0.25,2,14,3.33,0.67,4.3,3
1646,1,2025-06-15 14:07:00,2025-06-15 14:42:00,1,6.84,9,7,22.17,4.43,26.9,1
1647,1,2025-06-07 03:58:00,2025-06-07 04:28:00,2,3.35,7,7,12.39,1.86,14.55,1
1648,2,2025-06-23 08:33:00,2025-06-23 08:41:00,2,1.46,10,7,6.28,0.94,7.52,4
1649,1,2025-06-14 01:41:00,2025-06-14 02:32:00,4,2.92,2,5,11.84,0.0,12.14,1
1650,2,2025-06-03 04:22:00,2025-06-03 04:58:00,3,2.55,7,4,8.2,0.82,9.32,1
1651,1,2025-06-20 17:49:00,2025-06-20 18:38:00,2,0.2,15,4,3.06,0.0,3.36,1
1652,1,2025-06-11 02:00:00,2025-06-11 02:47:00,1,2.99,8,4,10.23,0.0,10.53,2
1653,1,2025-06-10 09:02:00,2025-06-10 09:48:00,1,4.5,3,7,17.28,1.73,19.31,4
1654,2,2025-06-19 07:02:00,2025-06-19 07:06:00,2,4.36,4,10,12.91,2.58,15.79,3
1655,1,2025-06-26 23:10:00,2025-06-26 23:57:00,2,5.13,7,12,15.05,1.51,16.86,4
1656,2,2025-06-19 19:48:00,2025-06-19 20:14:00,1,0.97,14,13,4.96,0.0,5.26,2
1657,1,2025-06-01 11:23:00,2025-06-01 12:05:00,1,2.98,11,12,11.8,0.0,12.1,3
1658,2,2025-06-06 04:56:00,2025-06-06 05:05:00,1,2.63,2,3,8.79,1.32,10.41,3
1659,2,2025-06-12 16:09:00,2025-06-12 16:54:00,1,2.49,5,14,8.83,0.88,10.01,4
1660,2,2025-06-06 10:25:00,2025-06-06 10:52:00,1,0.2,2,9,3.14,0.0,3.44,1
1661,1,2025-06-24 14:02:00,2025-06-24 14:06:00,1,2.21,3,2,7.97,1.2,9.47,2
1662,1,2025-06-29 00:05:00,2025-06-29 00:30:00,4,3.4,8,10,11.77,0.0,12.07,2
1663,2,2025-06-09 14:24:00,2025-06-09 15:15:00,1,3.65,6,14,13.02,0.0,13.32,1
1664,1,2025-06-22 00:39:00,2025-06-22 00:53:00,1,4.98,7,7,18.84,0.0,19.14,2
1665,2,2025-06-03 21:31:00,2025-06-03 21:47:00,1,3.76,1,14,13.74,2.06,16.1,4
1666,2,2025-06-12 04:27:00,2025-06-12 05:07:00,1,4.46,3,3,15.14,3.03,18.47,1
1667,1,2025-06-03 23:08:00,2025-06-03 23:36:00,1,2.81,6,1,11.11,1.11,12.52,3
1668,2,2025-06-11 15:13:00,2025-06-11 15:15:00,3,3.16,1,14,10.9,2.18,13.38,1
1669,2,2025-06-11 05:14:00,2025-06-11 06:04:00,1,1.33,15,10,5.54,0.83,6.67,3
1670,2,2025-06-29 00:53:00,2025-06-29 01:19:00,1,1.25,11,8,5.92,0.0,6.22,3
1671,2,2025-06-21 16:57:00,2025-06-21 17:29:00,4,4.26,4,3,14.61,1.46,16.37,3
1672,1,2025-06-08 22:26:00,2025-06-08 22:52:00,2,2.61,6,12,11.37,0.0,11.67,4
1673,2,2025-06-14 15:31:00,2025-06-14 15:42:00,1,5.28,7,3,19.69,0.0,19.99,2
1674,2,2025-06-20 03:59:00,2025-06-20 04:27:00,1,3.77,8,7,12.88,1.93,15.11,1
1675,1,2025-06-15 20:05:00,2025-06-15 20:49:00,4,0.49,12,4,3.7,0.0,4.0,3
1676,2,2025-06-29 03:58:00,2025-06-29 04:23:00,1,5.2,14,13,19.56,3.91,23.77,3
1677,2,2025-06-14 23:12:00,2025-06-14 23:27:00,1,1.35,5,15,6.35,0.95,7.6,1
1678,2,2025-06-10 21:12:00,2025-06-10 21:35:00,1,4.68,11,7,15.89,0.0,16.19,2
1679,2,2025-06-02 02:02:00,2025-06-02 02:48:00,3,3.93,13,3,11.96,2.39,14.65,4
1680,1,2025-06-10 00:03:00,2025-06-10 00:14:00,2,5.82,4,14,18.18,2.73,21.21,1
1681,1,2025-06-28 18:40:00,2025-06-28 19:30:00,1,0.59,13,2,4.42,0.0,4.72,1
1682,2,2025-06-03 09:37:00,2025-06-03 10:00:00,1,0.98,15,15,5.66,0.57,6.53,3
1683,2,2025-06-07 20:29:00,2025-06-07 20:44:00,2,2.93,10,15,11.14,1.11,12.55,1
1684,1,2025-06-08 23:23:00,2025-06-08 23:43:00,1,3.93,3,15,12.58,2.52,15.4,2
1685,1,2025-06-06 09:22:00,2025-06-06 09:58:00,1,5.02,12,5,16.93,2.54,19.77,3
1686,2,2025-06-07 16:10:00,2025-06-07 16:40:00,2,2.05,3,15,7.25,0.0,7.55,2
1687,1,2025-06-22 16:52:00,2025-06-22 17:04:00,2,3.5,15,8,14.35,1.44,16.09,1
1688,2,2025-06-23 09:08:00,2025-06-23 09:52:00,1,0.43,2,15,3.74,0.37,4.41,1
1689,2,2025-06-07 03:23:00,2025-06-07 04:04:00,4,2.55,11,6,8.57,0.0,8.87,4
1690,2,2025-06-04 18:44:00,2025-06-04 19:08:00,1,5.2,1,10,17.7,2.65,20.65,1
1691,1,2025-06-12 12:01:00,2025-06-12 12:15:00,1,0.2,8,6,3.16,0.0,3.46,3
1692,1,2025-06-11 20:50:00,2025-06-11 21:36:00,1,2.7,7,6,9.43,1.41,11.14,3
1693,1,2025-06-30 21:17:00,2025-06-30 21:48:00,1,2.18,1,12,7.38,1.48,9.16,2
1694,2,2025-06-10 02:03:00,2025-06-10 02:35:00,4,1.61,12,11,6.78,0.0,7.08,2
1695,1,2025-06-16 06:36:00,2025-06-16 07:01:00,1,4.55,12,6,16.79,2.52,19.61,3
1696,2,2025-06-12 21:43:00,2025-06-12 22:20:00,4,0.2,5,2,3.0,0.3,3.6,1
1697,1,2025-06-15 12:00:00,2025-06-15 12:34:00,1,3.56,4,2,10.88,0.0,11.18,1
1698,1,2025-06-08 00:12:00,2025-06-08 00:50:00,4,2.92,14,2,11.73,0.0,12.03,1
1699,2,2025-06-16 12:36:00,2025-06-16 13:17:00,4,5.71,11,14,21.68,3.25,25.23,1
1700,1,2025-06-28 21:05:00,2025-06-28 21:14:00,1,4.39,4,15,12.45,0.0,12.75,1
1701,1,2025-06-05 04:02:00,2025-06-05 04:04:00,2,0.28,7,6,3.19,0.0,3.49,4
1702,2,2025-06-09 23:30:00,2025-06-10 00:17:00,1,4.51,12,3,17.77,3.55,21.62,3
1703,1,2025-06-27 22:24:00,2025-06-27 22:29:00,4,0.86,5,3,4.47,0.0,4.77,1
1704,1,2025-06-04 10:46:00,2025-06-04 11:00:00,2,4.08,13,4,12.39,1.24,13.93,3
1705,2,2025-06-27 22:57:00,2025-06-27 23:17:00,4,1.19,5,14,5.53,0.83,6.66,1
1706,1,2025-06-25 03:30:00,2025-06-25 03:32:00,1,1.71,5,13,7.61,0.76,8.67,1
1707,2,2025-06-03 20:34:00,2025-06-03 21:07:00,1,1.3,2,11,6.33,0.95,7.58,3
1708,1,2025-06-05 00:22:00,2025-06-05 00:44:00,3,6.03,12,11,20.02,2.0,22.32,1
1709,2,2025-06-15 12:30:00,2025-06-15 13:00:00,3,0.79,13,8,4.59,0.46,5.35,3
1710,2,2025-06-09 15:50:00,2025-06-09 16:06:00,2,6.18,12,6,20.45,0.0,20.75,2
1711,1,2025-06-15 18:17:00,2025-06-15 19:09:00,4,6.4,8,3,20.14,3.02,23.46,4
1712,2,2025-06-18 13:08:00,2025-06-18 13:36:00,4,0.2,13,6,3.17,0.0,3.47,1
1713,1,2025-06-19 04:16:00,2025-06-19 04:41:00,1,6.9,3,10,23.16,0.0,23.46,1
1714,1,2025-06-01 17:54:00,2025-06-01 18:21:00,2,3.53,6,4,12.27,1.23,13.8,2
1715,2,2025-06-08 04:55:00,2025-06-08 05:16:00,2,5.18,8,10,15.62,0.0,15.92,2
1716,1,2025-06-08 06:34:00,2025-06-08 07:07:00,1,0.2,6,2,3.17,0.0,3.47,3
1717,1,2025-06-22 16:41:00,2025-06-22 17:21:00,1,2.82,7,8,11.9,0.0,12.2,3
1718,1,2025-06-08 05:14:00,2025-06-08 05:37:00,3,4.69,7,10,16.37,3.27,19.94,1
1719,2,2025-06-25 02:30:00,2025-06-25 02:50:00,1,2.1,6,10,8.86,0.0,9.16,1
1720,1,2025-06-21 08:19:00,2025-06-21 08:44:00,1,4.91,6,12,15.76,0.0,16.06,3
1721,2,2025-06-22 16:07:00,2025-06-22 16:59:00,4,2.83,15,3,11.42,0.0,11.72,2
1722,1,2025-06-11 10:02:00,2025-06-11 10:49:00,2,5.08,14,14,17.29,0.0,17.59,2
1723,1,2025-06-22 09:05:00,2025-06-22 09:08:00,3,1.52,10,6,6.54,0.0,6.84,2
1724,2,2025-06-22 01:22:00,2025-06-22 02:02:00,1,7.19,2,8,26.09,2.61,29.0,4
1725,1,2025-06-13 13:41:00,2025-06-13 14:28:00,1,5.74,4,11,15.53,0.0,15.83,1
1726,2,2025-06-29 05:55:00,2025-06-29 06:27:00,3,6.39,6,8,20.87,2.09,23.26,2
1727,1,2025-06-10 02:31:00,2025-06-10 03:25:00,4,3.7,2,5,14.74,2.95,17.99,1
1728,2,2025-06-24 19:48:00,2025-06-24 20:41:00,4,1.94,13,7,7.94,0.0,8.24,4
1729,2,2025-06-01 11:55:00,2025-06-01 12:16:00,1,3.12,2,6,9.46,1.42,11.18,2
1730,2,2025-06-29 11:38:00,2025-06-29 12:04:00,1,4.37,8,13,15.03,3.01,18.34,1
1731,1,2025-06-21 18:00:00,2025-06-21 18:19:00,1,4.12,3,6,12.97,2.59,15.86,1
1732,2,2025-06-15 20:39:00,2025-06-15 21:16:00,3,5.92,6,14,18.91,0.0,19.21,1
1733,2,2025-06-29 14:54:00,2025-06-29 15:23:00,3,1.92,11,5,7.48,0.0,7.78,4
1734,1,2025-06-26 20:59:00,2025-06-26 21:03:00,2,1.52,12,12,7.46,0.0,7.76,1
1735,2,2025-06-04 02:09:00,2025-06-04 02:19:00,1,4.68,2,13,18.08,0.0,18.38,1
1736,1,2025-06-04 16:38:00,2025-06-04 17:06:00,3,5.28,8,7,16.29,0.0,16.59,2
1737,1,2025-06-30 05:02:00,2025-06-30 05:54:00,1,2.23,8,3,9.61,0.0,9.91,1
1738,1,2025-06-11 21:20:00,2025-06-11 21:25:00,2,3.94,1,1,14.22,2.84,17.36,1
1739,2,2025-06-02 22:04:00,2025-06-02 22:20:00,2,3.48,9,6,14.14,0.0,14.44,4
1740,2,2025-06-29 20:51:00,2025-06-29 21:35:00,1,0.2,13,5,3.03,0.61,3.94,3
1741,1,2025-06-19 21:13:00,2025-06-19 21:50:00,1,4.48,10,8,12.55,0.0,12.85,3
1742,1,2025-06-04 16:03:00,2025-06-04 16:42:00,2,3.78,15,14,14.82,2.96,18.08,1
1743,2,2025-06-07 22:18:00,2025-06-07 22:54:00,1,6.15,9,6,20.63,2.06,22.99,4
1744,2,2025-06-10 04:11:00,2025-06-10 05:01:00,2,3.34,4,6,12.28,1.23,13.81,1
1745,1,2025-06-30 14:28:00,2025-06-30 14:48:00,1,1.02,13,7,5.93,1.19,7.42,1
1746,2,2025-06-02 21:30:00,2025-06-02 21:56:00,4,3.88,4,13,14.78,0.0,15.08,3
1747,2,2025-06-10 18:07:00,2025-06-10 18:46:00,1,4.02,10,15,11.61,0.0,11.91,2
1748,1,2025-06-02 02:00:00,2025-06-02 02:21:00,2,1.39,14,6,5.58,0.0,5.88,3
1749,2,2025-06-18 16:25:00,2025-06-18 17:13:00,3,0.37,15,8,3.58,0.0,3.88,2
1750,1,2025-06-13 23:40:00,2025-06-14 00:32:00,1,8.55,2,10,31.43,0.0,31.73,4
1751,2,2025-06-02 10:04:00,2025-06-02 10:45:00,4,3.5,5,8,11.35,0.0,11.65,2
1752,2,2025-06-08 06:12:00,2025-06-08 06:20:00,4,3.3,11,4,9.97,0.0,10.27,1
1753,2,2025-06-04 11:07:00,2025-06-04 11:26:00,2,2.81,5,3,11.28,0.0,11.58,4
1754,2,2025-06-10 07:32:00,2025-06-10 07:41:00,1,3.42,15,15,13.8,0.0,14.1,1
1755,1,2025-06-06 02:58:00,2025-06-06 03:05:00,4,2.84,5,5,11.77,2.35,14.42,2
1756,2,2025-06-22 19:59:00,2025-06-22 20:05:00,4,0.91,4,2,5.3,0.0,5.6,2
1757,1,2025-06-02 08:39:00,2025-06-02 08:43:00,4,0.2,10,15,3.04,0.0,3.34,1
1758,2,2025-06-13 18:44:00,2025-06-13 19:31:00,1,3.26,4,13,10.77,1.62,12.69,3
1759,2,2025-06-13 09:03:00,2025-06-13 09:17:00,3,3.42,14,10,10.03,0.0,10.33,3
1760,1,2025-06-23 05:36:00,2025-06-23 06:28:00,3,5.48,5,6,16.08,0.0,16.38,1
1761,1,2025-06-21 18:21:00,2025-06-21 19:15:00,1,1.96,12,9,8.36,0.84,9.5,3
1762,2,2025-06-30 02:18:00,2025-06-30 02:42:00,1,3.42,7,6,11.69,2.34,14.33,4
1763,2,2025-06-14 07:25:00,2025-06-14 07:36:00,1,4.58,7,6,15.29,3.06,18.65,2
1764,2,2025-06-12 12:33:00,2025-06-12 12:43:00,3,0.2,11,8,3.02,0.3,3.62,4
1765,1,2025-06-08 11:26:00,2025-06-08 11:30:00,3,0.6,10,6,4.53,0.0,4.83,1
1766,1,2025-06-10 08:48:00,2025-06-10 09:42:00,3,7.11,14,7,24.06,0.0,24.36,2
1767,2,2025-06-02 21:51:00,2025-06-02 22:26:00,2,3.35,12,4,13.63,0.0,13.93,1
1768,2,2025-06-15 19:31:00,2025-06-15 20:19:00,3,3.31,9,15,13.1,1.31,14.71,3
1769,2,2025-06-18 21:02:00,2025-06-18 21:18:00,1,0.2,4,11,3.11,0.0,3.41,4
1770,2,2025-06-09 13:42:00,2025-06-09 14:29:00,1,1.57,13,2,5.96,1.19,7.45,1
1771,1,2025-06-14 22:50:00,2025-06-14 23:07:00,1,3.26,14,4,10.49,0.0,10.79,1
1772,2,2025-06-14 11:04:00,2025-06-14 11:13:00,1,1.42,2,5,5.98,0.0,6.28,2
1773,2,2025-06-17 06:30:00,2025-06-17 07:14:00,2,0.54,6,4,3.88,0.58,4.76,2
1774,2,2025-06-27 20:05:00,2025-06-27 20:37:00,1,5.06,1,11,17.49,3.5,21.29,2
1775,1,2025-06-15 13:07:00,2025-06-15 13:31:00,2,6.4,13,9,23.19,3.48,26.97,3
1776,1,2025-06-27 17:17:00,2025-06-27 17:58:00,2,3.83,1,7,14.97,2.25,17.52,4
1777,2,2025-06-04 22:50:00,2025-06-04 23:22:00,1,3.19,8,7,10.46,0.0,10.76,2
1778,2,2025-06-22 08:34:00,2025-06-22 08:38:00,1,4.12,13,12,13.16,2.63,16.09,2
1779,2,2025-06-19 16:29:00,2025-06-19 16:37:00,1,4.3,15,9,16.41,0.0,16.71,2
1780,1,2025-06-09 05:57:00,2025-06-09 06:28:00,1,3.27,7,13,10.77,2.15,13.22,2
1781,2,2025-06-06 08:31:00,2025-06-06 09:17:00,2,1.91,1,5,7.74,0.0,8.04,1
1782,1,2025-06-08 01:04:00,2025-06-08 01:59:00,2,3.06,8,4,9.51,1.43,11.24,4
1783,2,2025-06-30 18:12:00,2025-06-30 18:25:00,1,3.29,14,11,10.46,1.05,11.81,3
1784,1,2025-06-21 05:41:00,2025-06-21 06:34:00,1,2.58,2,3,10.35,0.0,10.65,3
1785,2,2025-06-28 13:02:00,2025-06-28 13:40:00,4,5.63,1,12,20.25,3.04,23.59,2
1786,2,2025-06-05 20:08:00,2025-06-05 20:36:00,1,3.56,7,9,12.36,1.24,13.9,1
1787,1,2025-06-04 23:17:00,2025-06-04 23:35:00,1,5.43,15,4,17.54,3.51,21.35,1
1788,2,2025-06-08 08:56:00,2025-06-08 09:03:00,3,1.04,8,11,5.5,0.0,5.8,1
1789,1,2025-06-22 17:58:00,2025-06-22 18:04:00,1,6.22,9,1,20.53,0.0,20.83,1
1790,1,2025-06-14 16:03:00,2025-06-14 16:13:00,3,2.64,1,6,10.67,1.6,12.57,4
1791,1,2025-06-01 13:17:00,2025-06-01 13:26:00,1,1.57,15,13,6.95,0.7,7.95,1
1792,1,2025-06-22 20:42:00,2025-06-22 21:35:00,1,2.95,8,8,9.75,1.46,11.51,1
1793,1,2025-06-18 15:38:00,2025-06-18 16:15:00,1,1.45,11,3,7.09,0.0,7.39,2
1794,2,2025-06-24 08:45:00,2025-06-24 08:51:00,4,1.25,11,13,6.1,0.0,6.4,1
1795,1,2025-06-11 06:08:00,2025-06-11 07:02:00,1,3.14,13,7,11.04,1.1,12.44,3
1796,1,2025-06-18 00:09:00,2025-06-18 00:36:00,2,3.93,12,15,13.27,0.0,13.57,2
1797,2,2025-06-24 04:33:00,2025-06-24 05:01:00,1,1.06,9,5,5.03,1.01,6.34,2
1798,1,2025-06-28 07:09:00,2025-06-28 07:12:00,4,0.4,2,12,3.58,0.72,4.6,1
1799,2,2025-06-17 19:36:00,2025-06-17 19:55:00,1,1.36,5,14,6.81,0.68,7.79,4
1800,1,2025-06-22 09:16:00,2025-06-22 09:50:00,2,4.66,12,9,15.48,3.1,18.88,1
1801,2,2025-06-05 03:22:00,2025-06-05 04:08:00,1,1.28,5,11,6.11,0.0,6.41,4
1802,2,2025-06-14 03:36:00,2025-06-14 04:16:00,1,3.32,15,15,11.85,1.19,13.34,2
1803,2,2025-06-09 16:54:00,2025-06-09 17:18:00,4,4.55,5,5,14.34,2.15,16.79,3
1804,2,2025-06-09 13:43:00,2025-06-09 14:34:00,1,2.96,13,13,11.19,0.0,11.49,3
1805,1,2025-06-17 10:50:00,2025-06-17 11:37:00,4,1.42,9,3,6.98,1.4,8.68,3
1806,2,2025-06-14 06:21:00,2025-06-14 07:03:00,1,2.71,13,11,9.27,1.85,11.42,3
1807,2,2025-06-23 14:48:00,2025-06-23 15:13:00,1,3.27,8,9,10.76,2.15,13.21,1
1808,2,2025-06-28 13:53:00,2025-06-28 13:59:00,1,5.62,14,9,16.57,2.49,19.36,1
1809,2,2025-06-09 14:21:00,2025-06-09 15:14:00,3,7.61,10,14,23.39,4.68,28.37,2
1810,1,2025-06-20 03:17:00,2025-06-20 03:31:00,2,1.26,11,8,5.67,0.85,6.82,2
1811,1,2025-06-18 14:34:00,2025-06-18 14:56:00,1,4.17,1,14,13.48,0.0,13.78,1
1812,2,2025-06-25 23:05:00,2025-06-25 23:41:00,1,4.11,15,12,12.87,0.0,13.17,1
1813,1,2025-06-26 18:50:00,2025-06-26 18:55:00,1,5.1,5,7,17.54,1.75,19.59,1
1814,2,2025-06-29 03:21:00,2025-06-29 04:01:00,1,3.32,15,9,12.08,1.21,13.59,1
1815,1,2025-06-02 01:04:00,2025-06-02 01:41:00,1,0.2,4,9,3.0,0.45,3.75,1
1816,1,2025-06-26 23:56:00,2025-06-27 00:45:00,1,1.4,13,8,6.61,0.66,7.57,1
1817,1,2025-06-19 11:53:00,2025-06-19 12:09:00,1,3.34,5,2,13.42,0.0,13.72,3
1818,2,2025-06-15 00:57:00,2025-06-15 01:26:00,1,6.08,14,7,20.11,4.02,24.43,1
1819,2,2025-06-05 13:37:00,2025-06-05 13:44:00,1,1.29,14,10,5.57,0.84,6.71,2
1820,2,2025-06-13 08:47:00,2025-06-13 09:02:00,1,4.44,7,13,16.97,2.55,19.82,1
1821,1,2025-06-23 17:04:00,2025-06-23 17:38:00,3,0.2,3,12,3.09,0.31,3.7,4
1822,2,2025-06-18 04:30:00,2025-06-18 04:42:00,2,0.54,4,6,4.2,0.0,4.5,1
1823,1,2025-06-12 07:43:00,2025-06-12 08:30:00,4,2.82,1,11,10.74,1.61,12.65,3
1824,2,2025-06-03 22:39:00,2025-06-03 23:09:00,1,4.67,7,10,16.77,0.0,17.07,2
1825,1,2025-06-01 22:23:00,2025-06-01 22:56:00,1,1.1,5,6,5.48,0.82,6.6,1
1826,1,2025-06-12 19:50:00,2025-06-12 20:22:00,1,4.09,14,10,12.27,0.0,12.57,2
1827,1,2025-06-17 14:12:00,2025-06-17 14:17:00,1,3.26,10,12,13.25,0.0,13.55,1
1828,2,2025-06-24 21:43:00,2025-06-24 22:01:00,1,2.29,3,14,8.78,0.88,9.96,4
1829,1,2025-06-09 11:11:00,2025-06-09 11:27:00,1,2.13,10,1,7.36,0.0,7.66,2
1830,1,2025-06-22 09:38:00,2025-06-22 10:07:00,3,3.88,1,13,15.2,0.0,15.5,3
1831,2,2025-06-04 12:09:00,2025-06-04 12:15:00,3,3.44,2,13,13.3,2.66,16.26,4
1832,1,2025-06-17 18:58:00,2025-06-17 19:46:00,1,1.55,15,3,6.24,1.25,7.79,1
1833,1,2025-06-08 19:38:00,2025-06-08 20:29:00,1,2.66,7,3,9.95,0.0,10.25,2
1834,2,2025-06-08 02:17:00,2025-06-08 02:27:00,2,7.01,14,6,19.96,3.99,24.25,1
1835,1,2025-06-21 16:55:00,2025-06-21 17:08:00,2,2.38,13,1,8.2,1.64,10.14,1
1836,2,2025-06-01 00:37:00,2025-06-01 00:57:00,3,0.2,11,13,3.05,0.46,3.81,2
1837,2,2025-06-19 09:09:00,2025-06-19 09:44:00,1,0.23,10,12,3.15,0.63,4.08,2
1838,1,2025-06-19 13:17:00,2025-06-19 13:29:00,1,3.83,3,13,13.24,1.99,15.53,1
1839,2,2025-06-28 07:08:00,2025-06-28 07:33:00,1,3.77,7,5,14.88,2.23,17.41,1
1840,1,2025-06-23 04:10:00,2025-06-23 04:24:00,2,2.33,7,13,9.72,0.0,10.02,4
1841,1,2025-06-27 20:54:00,2025-06-27 21:46:00,1,3.26,4,3,12.78,1.92,15.0,2
1842,1,2025-06-12 12:15:00,2025-06-12 12:48:00,2,2.05,6,15,7.99,1.2,9.49,1
1843,1,2025-06-19 22:09:00,2025-06-19 22:14:00,1,3.23,5,6,12.09,0.0,12.39,2
1844,2,2025-06-18 14:13:00,2025-06-18 14:56:00,3,4.38,10,5,16.72,0.0,17.02,2
1845,2,2025-06-22 17:07:00,2025-06-22 17:11:00,3,7.07,6,4,22.12,2.21,24.63,1
1846,1,2025-06-01 12:04:00,2025-06-01 12:12:00,3,1.49,5,1,6.04,1.21,7.55,1
1847,2,2025-06-29 16:51:00,2025-06-29 17:26:00,1,1.62,8,6,6.71,1.34,8.35,1
1848,2,2025-06-03 07:36:00,2025-06-03 08:29:00,2,4.86,15,8,16.21,0.0,16.51,4
1849,2,2025-06-24 09:23:00,2025-06-24 09:27:00,1,1.87,2,3,8.29,1.66,10.25,3
1850,1,2025-06-21 00:26:00,2025-06-21 01:14:00,1,0.91,3,3,5.29,0.53,6.12,2
1851,1,2025-06-18 11:18:00,2025-06-18 11:37:00,2,2.72,4,7,9.47,0.0,9.77,4
1852,1,2025-06-07 21:38:00,2025-06-07 22:07:00,1,3.58,15,4,12.73,1.27,14.3,1
1853,2,2025-06-02 16:55:00,2025-06-02 17:13:00,1,2.67,15,11,9.08,0.0,9.38,1
1854,2,2025-06-21 22:00:00,2025-06-21 22:53:00,1,0.2,12,6,3.16,0.63,4.09,2
1855,2,2025-06-26 10:06:00,2025-06-26 10:43:00,3,6.16,9,3,18.5,1.85,20.65,4
1856,2,2025-06-12 03:55:00,2025-06-12 04:11:00,3,0.73,8,5,4.82,0.72,5.84,1
1857,1,2025-06-23 16:54:00,2025-06-23 17:42:00,3,3.88,2,14,13.79,1.38,15.47,1
1858,2,2025-06-10 23:09:00,2025-06-10 23:26:00,2,3.16,15,2,11.21,0.0,11.51,3
1859,1,2025-06-19 04:44:00,2025-06-19 05:12:00,1,1.58,8,15,6.44,1.29,8.03,1
1860,1,2025-06-20 19:49:00,2025-06-20 20:16:00,1,2.48,7,8,10.38,0.0,10.68,1
1861,2,2025-06-06 09:08:00,2025-06-06 09:29:00,2,3.59,10,4,12.52,1.88,14.7,4
1862,2,2025-06-11 16:48:00,2025-06-11 17:08:00,3,7.5,6,3,21.19,0.0,21.49,2
1863,1,2025-06-04 18:31:00,2025-06-04 18:39:00,4,6.46,7,8,16.78,3.36,20.44,3
1864,2,2025-06-07 21:54:00,2025-06-07 21:59:00,1,5.05,1,3,13.62,0.0,13.92,3
1865,1,2025-06-17 06:12:00,2025-06-17 06:56:00,1,2.66,2,1,11.2,1.12,12.62,2
1866,2,2025-06-01 00:13:00,2025-06-01 01:07:00,1,2.94,15,7,12.22,0.0,12.52,1
1867,2,2025-06-28 00:07:00,2025-06-28 00:27:00,3,1.28,3,2,6.59,0.66,7.55,4
1868,1,2025-06-12 19:58:00,2025-06-12 20:10:00,4,1.5,2,8,6.96,1.39,8.65,1
1869,2,2025-06-02 10:59:00,2025-06-02 11:26:00,1,5.06,6,9,17.85,2.68,20.83,3
1870,2,2025-06-19 06:06:00,2025-06-19 06:34:00,4,0.71,13,14,4.75,0.0,5.05,1
1871,1,2025-06-10 13:58:00,2025-06-10 14:15:00,1,0.2,10,15,3.0,0.0,3.3,1
1872,2,2025-06-21 10:20:00,2025-06-21 10:30:00,4,3.99,5,13,11.99,0.0,12.29,1
1873,2,2025-06-27 08:43:00,2025-06-27 09:00:00,4,2.76,12,10,8.98,1.8,11.08,1
1874,2,2025-06-22 12:53:00,2025-06-22 13:36:00,1,1.0,7,4,4.74,0.0,5.04,1
1875,2,2025-06-02 10:16:00,2025-06-02 11:11:00,4,4.17,8,11,12.61,1.89,14.8,4
1876,2,2025-06-15 17:26:00,2025-06-15 17:56:00,4,1.92,12,12,7.03,0.7,8.03,1
1877,2,2025-06-26 18:50:00,2025-06-26 19:36:00,1,4.91,7,2,14.27,1.43,16.0,1
1878,1,2025-06-02 21:54:00,2025-06-02 22:04:00,4,7.08,8,5,20.12,4.02,24.44,1
1879,1,2025-06-20 00:25:00,2025-06-20 00:29:00,1,3.59,6,6,13.46,2.69,16.45,2
1880,2,2025-06-23 19:18:00,2025-06-23 19:32:00,3,0.26,11,11,3.14,0.31,3.75,2
1881,2,2025-06-25 01:31:00,2025-06-25 02:10:00,3,1.0,8,12,5.22,0.0,5.52,4
1882,1,2025-06-21 18:33:00,2025-06-21 18:37:00,2,1.32,7,10,5.85,0.0,6.15,4
1883,1,2025-06-19 23:44:00,2025-06-20 00:15:00,2,5.67,14,10,16.55,1.66,18.51,1
1884,2,2025-06-14 15:59:00,2025-06-14 16:42:00,2,1.72,11,15,8.04,0.0,8.34,1
1885,2,2025-06-01 04:40:00,2025-06-01 05:15:00,1,3.39,7,1,13.3,0.0,13.6,1
1886,2,2025-06-13 10:52:00,2025-06-13 11:28:00,3,4.67,7,1,17.34,3.47,21.11,3
1887,1,2025-06-03 07:55:00,2025-06-03 08:28:00,2,4.65,13,2,16.42,1.64,18.36,2
1888,2,2025-06-15 22:54:00,2025-06-15 23:07:00,1,3.1,1,11,11.35,0.0,11.65,1
1889,2,2025-06-30 10:31:00,2025-06-30 10:48:00,4,3.61,3,11,11.0,1.1,12.4,1
1890,2,2025-06-19 21:55:00,2025-06-19 22:07:00,1,3.06,12,3,12.56,0.0,12.86,4
1891,1,2025-06-14 03:25:00,2025-06-14 03:46:00,1,6.42,3,14,21.55,0.0,21.85,1
1892,2,2025-06-04 00:04:00,2025-06-04 00:55:00,1,3.16,3,2,12.37,1.24,13.91,1
1893,2,2025-06-23 18:38:00,2025-06-23 19:29:00,1,4.52,11,10,15.21,2.28,17.79,1
1894,1,2025-06-05 04:31:00,2025-06-05 04:55:00,3,0.97,9,5,4.84,0.0,5.14,4
1895,2,2025-06-04 22:23:00,2025-06-04 22:29:00,1,4.21,4,8,14.4,2.88,17.58,1
1896,2,2025-06-18 17:11:00,2025-06-18 18:03:00,1,4.84,13,9,17.54,0.0,17.84,1
1897,2,2025-06-09 15:41:00,2025-06-09 16:22:00,3,0.85,12,4,5.13,0.0,5.43,4
1898,1,2025-06-21 20:05:00,2025-06-21 20:31:00,1,0.45,4,15,3.66,0.37,4.33,2
1899,2,2025-06-09 13:26:00,2025-06-09 13:28:00,4,2.85,11,6,11.04,1.1,12.44,4
1900,1,2025-06-01 08:07:00,2025-06-01 08:29:00,3,3.03,3,14,12.3,0.0,12.6,2
1901,2,2025-06-26 13:12:00,2025-06-26 14:03:00,1,4.04,12,13,13.78,2.76,16.84,2
1902,2,2025-06-02 11:28:00,2025-06-02 12:20:00,1,3.96,4,5,15.18,1.52,17.0,1
1903,1,2025-06-05 20:24:00,2025-06-05 20:29:00,1,6.08,14,7,23.16,2.32,25.78,1
1904,2,2025-06-19 18:02:00,2025-06-19 18:08:00,4,2.04,2,8,9.38,0.94,10.62,1
1905,1,2025-06-19 12:24:00,2025-06-19 12:27:00,1,4.9,14,3,14.37,0.0,14.67,1
1906,1,2025-06-05 07:56:00,2025-06-05 08:14:00,3,3.48,15,2,13.36,1.34,15.0,1
1907,1,2025-06-27 11:56:00,2025-06-27 12:49:00,4,3.79,13,9,12.25,2.45,15.0,2
1908,1,2025-06-27 06:37:00,2025-06-27 07:23:00,2,3.52,11,5,12.55,2.51,15.36,4
1909,1,2025-06-02 20:29:00,2025-06-02 20:50:00,1,5.11,12,1,17.78,1.78,19.86,1
1910,2,2025-06-27 18:35:00,2025-06-27 18:37:00,2,2.13,1,8,7.46,1.12,8.88,2
1911,1,2025-06-05 20:45:00,2025-06-05 21:03:00,1,5.9,2,6,21.82,0.0,22.12,3
1912,1,2025-06-26 21:30:00,2025-06-26 22:16:00,1,7.38,8,4,26.41,0.0,26.71,3
1913,1,2025-06-24 04:42:00,2025-06-24 04:59:00,2,3.42,10,13,12.17,1.22,13.69,2
1914,1,2025-06-11 19:51:00,2025-06-11 19:56:00,3,3.19,11,7,11.16,2.23,13.69,1
1915,1,2025-06-16 16:01:00,2025-06-16 16:11:00,4,0.88,5,4,5.4,0.54,6.24,2
1916,1,2025-06-12 14:31:00,2025-06-12 15:14:00,4,4.78,2,7,16.49,0.0,16.79,1
1917,1,2025-06-06 20:01:00,2025-06-06 20:39:00,1,4.4,3,12,12.81,0.0,13.11,1
1918,2,2025-06-03 02:51:00,2025-06-03 03:39:00,1,5.95,3,4,16.11,2.42,18.83,2
1919,1,2025-06-01 03:04:00,2025-06-01 03:47:00,2,3.45,2,6,12.97,1.95,15.22,1
1920,2,2025-06-07 16:32:00,2025-06-07 17:20:00,2,4.19,14,6,14.98,0.0,15.28,2
1921,2,2025-06-24 14:44:00,2025-06-24 15:29:00,1,2.71,4,7,11.25,0.0,11.55,4
1922,2,2025-06-12 01:10:00,2025-06-12 01:43:00,1,6.26,7,1,19.94,1.99,22.23,2
1923,1,2025-06-22 02:21:00,2025-06-22 02:33:00,2,7.28,9,5,19.04,2.86,22.2,1
1924,1,2025-06-14 01:42:00,2025-06-14 01:53:00,2,4.86,7,13,14.85,0.0,15.15,4
1925,2,2025-06-25 02:27:00,2025-06-25 02:33:00,2,1.54,4,12,7.08,1.06,8.44,2
1926,1,2025-06-13 06:31:00,2025-06-13 06:43:00,1,2.2,15,3,8.61,1.29,10.2,3
1927,2,2025-06-23 02:44:00,2025-06-23 03:10:00,3,4.19,2,5,14.28,0.0,14.58,1
1928,2,2025-06-05 11:57:00,2025-06-05 12:16:00,1,8.22,13,5,29.09,5.82,35.21,1
1929,1,2025-06-26 19:29:00,2025-06-26 19:37:00,4,3.29,14,10,12.93,2.59,15.82,2
1930,2,2025-06-25 01:04:00,2025-06-25 01:06:00,3,4.91,6,13,14.18,0.0,14.48,1
1931,2,2025-06-01 01:35:00,2025-06-01 02:07:00,3,3.55,5,12,11.62,1.74,13.66,1
1932,2,2025-06-29 14:52:00,2025-06-29 15:19:00,1,4.14,10,10,14.94,2.99,18.23,2
1933,1,2025-06-22 11:23:00,2025-06-22 12:04:00,3,3.72,6,8,10.89,1.09,12.28,1
1934,1,2025-06-23 10:39:00,2025-06-23 10:55:00,1,4.69,1,12,15.24,3.05,18.59,2
1935,1,2025-06-07 05:38:00,2025-06-07 05:54:00,4,2.67,12,2,9.87,1.97,12.14,2
1936,1,2025-06-21 01:59:00,2025-06-21 02:46:00,1,3.53,4,6,10.84,0.0,11.14,1
1937,1,2025-06-01 12:46:00,2025-06-01 13:25:00,1,0.2,15,4,3.09,0.46,3.85,1
1938,1,2025-06-28 20:13:00,2025-06-28 20:22:00,1,6.7,13,10,17.99,1.8,20.09,2
1939,2,2025-06-13 14:38:00,2025-06-13 15:14:00,1,4.96,14,4,17.75,2.66,20.71,1
1940,2,2025-06-05 00:53:00,2025-06-05 01:27:00,4,6.26,5,1,20.65,4.13,25.08,1
1941,1,2025-06-17 05:49:00,2025-06-17 06:39:00,4,0.2,11,10,3.0,0.0,3.3,1
1942,1,2025-06-09 18:18:00,2025-06-09 18:31:00,1,4.16,12,1,15.76,0.0,16.06,4
1943,1,2025-06-10 12:21:00,2025-06-10 12:35:00,1,4.77,10,3,16.78,0.0,17.08,3
1944,2,2025-06-10 07:00:00,2025-06-10 07:25:00,1,4.93,14,11,17.06,1.71,19.07,3
1945,1,2025-06-03 21:06:00,2025-06-03 22:01:00,4,5.14,1,9,13.86,1.39,15.55,4
1946,1,2025-06-20 03:08:00,2025-06-20 03:16:00,2,1.82,4,2,6.69,0.0,6.99,1
1947,2,2025-06-20 18:43:00,2025-06-20 18:59:00,2,2.81,15,11,11.09,2.22,13.61,1
1948,1,2025-06-28 01:06:00,2025-06-28 01:42:00,3,2.0,8,7,8.49,0.0,8.79,4
1949,2,2025-06-21 06:08:00,2025-06-21 06:27:00,2,2.05,4,7,9.29,0.0,9.59,4
1950,1,2025-06-25 08:51:00,2025-06-25 09:22:00,1,5.83,2,13,21.81,4.36,26.47,1
1951,1,2025-06-25 06:46:00,2025-06-25 06:55:00,3,1.24,1,9,6.19,0.0,6.49,1
1952,1,2025-06-06 18:05:00,2025-06-06 18:22:00,1,2.42,14,10,10.46,2.09,12.85,2
1953,1,2025-06-26 03:14:00,2025-06-26 03:21:00,1,1.81,9,3,7.05,0.71,8.06,2
1954,1,2025-06-23 07:45:00,2025-06-23 08:40:00,3,5.41,12,11,15.73,0.0,16.03,1
1955,2,2025-06-29 10:29:00,2025-06-29 10:59:00,1,6.22,8,3,20.26,2.03,22.59,1
1956,1,2025-06-02 12:09:00,2025-06-02 12:59:00,4,4.66,13,11,12.82,0.0,13.12,1
1957,1,2025-06-04 19:21:00,2025-06-04 19:43:00,2,4.96,2,12,17.2,0.0,17.5,4
1958,1,2025-06-05 11:19:00,2025-06-05 11:49:00,4,6.18,11,6,21.91,4.38,26.59,3
1959,2,2025-06-28 12:40:00,2025-06-28 12:43:00,1,2.0,13,15,7.65,0.0,7.95,1
1960,2,2025-06-08 05:58:00,2025-06-08 06:05:00,1,0.2,10,11,3.07,0.0,3.37,2
1961,1,2025-06-24 18:24:00,2025-06-24 19:15:00,1,4.36,10,13,16.09,3.22,19.61,2
1962,1,2025-06-22 08:08:00,2025-06-22 08:12:00,1,3.8,1,1,13.17,1.98,15.45,3
1963,1,2025-06-12 21:23:00,2025-06-12 21:40:00,2,1.05,5,9,4.92,0.98,6.2,2
1964,1,2025-06-26 14:56:00,2025-06-26 15:05:00,1,5.27,13,5,15.59,0.0,15.89,1
1965,1,2025-06-03 05:31:00,2025-06-03 05:56:00,4,2.73,9,12,10.4,0.0,10.7,2
1966,2,2025-06-03 09:55:00,2025-06-03 10:23:00,3,4.39,10,14,13.25,1.99,15.54,1
1967,1,2025-06-01 18:33:00,2025-06-01 19:24:00,1,1.08,3,3,6.09,1.22,7.61,1
1968,1,2025-06-03 03:19:00,2025-06-03 03:28:00,3,1.1,14,9,6.06,0.61,6.97,2
1969,2,2025-06-01 05:25:00,2025-06-01 05:43:00,1,2.06,9,8,9.15,0.0,9.45,2
1970,1,2025-06-09 19:44:00,2025-06-09 20:10:00,2,2.05,9,11,8.78,0.0,9.08,1
1971,2,2025-06-12 00:34:00,2025-06-12 00:45:00,2,2.66,12,3,9.63,0.96,10.89,1
1972,1,2025-06-08 05:13:00,2025-06-08 05:16:00,1,2.17,13,12,7.91,1.19,9.4,3
1973,1,2025-06-25 01:04:00,2025-06-25 01:33:00,2,3.61,8,14,13.81,0.0,14.11,1
1974,1,2025-06-29 17:54:00,2025-06-29 18:20:00,1,4.96,13,5,14.34,1.43,16.07,2
1975,1,2025-06-11 10:12:00,2025-06-11 11:00:00,4,2.34,4,14,9.57,0.96,10.83,1
1976,1,2025-06-22 09:10:00,2025-06-22 09:36:00,1,1.49,14,5,6.33,0.63,7.26,3
1977,1,2025-06-05 23:01:00,2025-06-05 23:26:00,2,3.37,6,12,12.01,1.2,13.51,2
1978,1,2025-06-03 19:12:00,2025-06-03 19:57:00,1,6.44,5,11,21.99,0.0,22.29,1
1979,2,2025-06-10 07:31:00,2025-06-10 07:46:00,4,4.11,5,10,13.29,2.66,16.25,1
1980,1,2025-06-18 23:08:00,2025-06-18 23:56:00,1,6.66,13,2,18.93,0.0,19.23,3
1981,1,2025-06-28 07:12:00,2025-06-28 07:43:00,1,0.2,1,10,3.13,0.63,4.06,2
1982,2,2025-06-05 03:51:00,2025-06-05 04:33:00,4,2.65,4,3,10.49,1.57,12.36,1
1983,2,2025-06-11 06:32:00,2025-06-11 06:36:00,1,6.25,15,13,21.68,0.0,21.98,2
1984,1,2025-06-05 08:06:00,2025-06-05 08:37:00,1,0.42,13,9,3.91,0.59,4.8,1
1985,1,2025-06-10 11:57:00,2025-06-10 12:51:00,3,6.98,13,7,22.77,2.28,25.35,1
1986,2,2025-06-28 04:17:00,2025-06-28 04:52:00,2,3.84,12,7,15.21,0.0,15.51,3
1987,1,2025-06-23 15:14:00,2025-06-23 15:32:00,2,2.69,15,1,10.34,1.55,12.19,1
1988,1,2025-06-28 18:00:00,2025-06-28 18:52:00,1,0.2,2,5,3.02,0.0,3.32,4
1989,2,2025-06-24 22:29:00,2025-06-24 23:11:00,1,3.44,4,7,12.29,0.0,12.59,4
1990,1,2025-06-02 04:48:00,2025-06-02 05:27:00,1,1.49,4,3,6.03,0.9,7.23,2
1991,1,2025-06-28 09:30:00,2025-06-28 10:04:00,1,4.13,7,2,12.95,1.29,14.54,1
1992,2,2025-06-14 09:04:00,2025-06-14 09:14:00,4,4.45,12,1,15.07,2.26,17.63,1
1993,1,2025-06-16 08:37:00,2025-06-16 08:54:00,1,1.1,9,12,5.49,0.0,5.79,3
1994,1,2025-06-06 20:40:00,2025-06-06 21:09:00,3,3.3,1,4,12.85,0.0,13.15,1
1995,2,2025-06-17 10:39:00,2025-06-17 11:05:00,1,0.9,7,3,5.36,0.0,5.66,1
1996,2,2025-06-10 16:29:00,2025-06-10 16:37:00,1,4.92,5,15,18.95,0.0,19.25,1
1997,1,2025-06-20 13:26:00,2025-06-20 14:00:00,3,1.06,7,13,4.97,0.75,6.02,1
1998,2,2025-06-24 20:53:00,2025-06-24 21:48:00,3,2.5,2,4,8.79,0.0,9.09,1
1999,1,2025-06-25 00:30:00,2025-06-25 01:00:00,2,3.56,12,15,11.35,2.27,13.92,1
2000,1,2025-06-10 15:31:00,2025-06-10 15:47:00,1,1.31,12,2,6.4,1.28,7.98,3
